TRAVEL_ID,ADV_NM,ADV_SEQ,PAYMENT_NUM,BRNO,STORE_NM,ROAD_NM_ADDR,LOTNO_ADDR,ROAD_NM_CD,LOTNO_CD,PAYMENT_DT,PAYMENT_MTHD_SE,PAYMENT_AMT_WON,PAYMENT_ETC,SGG_CD
d_d000373,리모와 캐리어,0,1,,온라인,,,,,,1,1660000,리모와 캐리어,1111010100
d_d003736,신발,1,2,5248601528,네이버파이낸셜 주식회사,경기 성남시 분당구 정자일로 95,경기 성남시 분당구 정자동 178-4,3180021,4113510300,2022-10-11 00:00:00.000,1,321000,나이키에어포스107로우올백블랙흰검올검검흰올흰외1건,
b_b002785,클랑포룸 빈 음악 콘서트,1,2,,클랑포룸 빈,경남 통영시 큰발개1길 38,경남 통영시 도남동 1,4799453,4822011700,2022-08-19 11:45:00.000,1,32000,콘서트 티켓,
a_a004572,렌터카,2,3,3148653943,주식회사피플카,대전 유성구 도안대로 563-1,대전 유성구 봉명동 558-7,2010002,3020011100,2022-09-30 16:24:00.000,1,33820,카세어링 요금결제,
c_c002280,햇반,1,1,2076654442,새마을구판장,서울 광진구 자양로13나길 14,서울 광진구 자양동 622-40,4112417,1121510500,2022-09-15 20:20:00.000,1,4680,CJ 햇반 200G;CJ 햇반 큰공기 300G,
d_d003601,부영농장 팝업가든 예약,0,1,,부영농장,,,,,,1,20000,부영농장 팝업가든 예약,5011025335
d_d003721,식품,3,5,,BBQ신연동점,제주특별자치도 제주시 연화로 25,제주특별자치도 제주시 연동 1399-1,3349141,5011013700,2022-10-21 17:49:00.000,1,25500,자메이카통다리구이1개;배달팁,
d_d004978,교통비,2,1,1048117480,아시아나항공㈜,서울 강서구 오정로 443-83,,3000015,1150011300,2022-10-13 17:10:00.000,1,42700,비행기표,
c_c002185,구워먹는치즈,1,1,2148608930,㈜풀무원푸드앤컬처,전북 임실군 오수면 순천완주고속도로 73,전북 임실군 오수면 오산리 675-18,1000014,4575035529,2022-09-17 13:37:00.000,1,4000,임)구워먹는치즈4000,
a_a008137,식품,1,2,1248567342,롯데쇼핑(주)롯데마트,경기 수원시 권선구 동수원로 232,경기 수원시 권선구 권선동 1296-5,3175016,4111313700,2022-10-29 12:20:00.000,1,85440,생수;주류;잡화;부식,
d_d003297,식품,1,2,2628101886,퍼블릭플레이스주식회사,서울 용산구 새창로 213-12,서울 용산구 한강로2가 2-36,3005018,1117012500,2022-09-29 11:59:00.000,1,41300,3개월미만프렌치랙-어린양 양갈비 SHEEP새끼 프랜치랙 스프링램 캠핑 양고기 쉽 새끼 프렌치렉,
d_d000380,비행기표,1,2,,티웨이항공,,,,,2022-09-06 00:00:00.000,1,284800,항공권,
d_d009153,주유비,1,1,6168130031,(주)토평주유소,제주특별자치도 서귀포시 중산간동로 7801,제주특별자치도 서귀포시 토평동 2272-4,3349238,5013011100,2022-11-04 15:14:00.000,1,40000,주유비,
d_d009581,아침식사용 맥도날드 햄버거,1,2,4298500135,맥도날드제주월드컵DT,제주특별자치도 서귀포시 일주서로 7,,3349236,5013011600,2022-10-30 10:39:00.000,1,13200,상하이버거/런치세트;베이컨토마토/런치세트,
d_d007391,잡화,1,1,2138152063,주식회사 아성다이소,서울 강남구 남부순환로 2748,,2000003,1168011800,2022-10-25 14:57:00.000,1,1000,FOREST 편지세트,
a_a001590,잡화,2,1,2138152063,주식회사 아성다이소,서울 은평구 서오릉로 156,서울 은평구 갈현동 468-2,3000007,1138010400,2022-09-03 12:12:00.000,1,5000,블루투스 셀카봉 겸용 삼각대,
d_d003060,스누피가든관람권,0,2,,스누피가든,,,,,,1,28800,스누피가든관람권,5011025600
d_d010534,제주 투어패스,0,2,,(주)엘에스컴퍼니,,,,,,1,49000,제주 투어패스,5011012900
d_d008039,식품,0,3,,토마토마트,,,,,,1,20000,아기간식,4311112400
c_c005312,음료수,1,4,2488800861,CU,서울 금천구 가산디지털1로 186,서울 금천구 가산동 459-11,3117001,1154510100,2022-10-08 07:07:00.000,1,6600,밀싹보리차P500ML;크래프트블랙P470ML,
d_d006998,식품,0,2,,이마트,,,,,,1,93310,갈비살;숯;새우;굴;가리비;파스타면;순희네빈대떡;맥주;생수;얼음;아이스티,5013010200
b_b015453,햄버거,2,4,6778500239,(주)부자 충주(상)휴게소,충북 충주시 중앙탑면 중부내륙고속도로 230-1,,1000020,4313038526,2022-10-28 13:38:00.000,1,9800,ICE 카페 아메리카노;ICE 카페모카,
c_c002516,식품,2,13,3921601122,GS25,부산 금정구 중앙대로1793번길 50,부산 금정구 부곡동 64-46,4205397,2641010900,2022-09-16 21:45:00.000,1,37250,진라면매운맛*5;진라면순한맛*5;카스캔375ML*6;진로병360ML;쇼핑백판매,
c_c002821,입욕제,0,2,,롯데백화점 미아점 러쉬,,,,,,1,38000,입욕제,1130510100
d_d005398,음식 주류,1,3,6168511065,뉴월드화북점,제주특별자치도 제주시 일주동로 233,제주특별자치도 제주시 화북일동 1244-1,3349235,5011011100,2022-10-28 20:27:00.000,1,38570,보승 쫄깃한 편육250g;핫앤쿡 라면애밥 짬뽕맛110g;클라우드캔6입355mlx6;처음처럼PET(캠핑박스)250ml*8;사조365.24오리지날 구운육포30g;농협 초코리얼 스타72g;오뚜기 뿌셔뿌셔 불고기맛90g;CJ비비고육개장500g;사조대림 휠터치-S 70g,
d_d003608,식품,1,4,6712001736,CU,제주특별자치도 제주시 태성로 3,,3349199,5011010200,2022-10-09 00:00:00.000,1,20920,음료;부식;스낵,
d_d003871,주유비,2,2,6161283930,씨티주유소,제주특별자치도 제주시 한라대학로 88,제주특별자치도 제주시 노형동 672-1,4849157,5011012200,2022-10-14 17:46:00.000,1,12960,주유비,
d_d000441,항공권,4,2,6168150527,(주)제주항공,제주특별자치도 제주시 신대로 64,제주특별자치도 제주시 연동 301-1,3349111,5011013700,2022-07-29 08:14:00.000,1,100700,항공권,
d_d009933,토퍼,0,1,,쭈니작업실,,,,,,5,11000,토퍼,4211012100
d_d004002,비행기표,4,1,1018194800,(주)티웨이항공,서울 강서구 하늘길 210,서울 강서구 공항동 1373-5,4145490,1150010800,2022-10-03 11:16:00.000,1,80300,비행기표,
a_a007611,주유,1,2,4778500338,S-OIL믿음가득주유소,경기 화성시 남양읍 화성로 1286,,3210128,4159026229,2022-10-15 17:00:00.000,1,50000,주유비,
d_d001626,식품,1,3,6168226325,농협하나로마트,제주특별자치도 서귀포시 표선면 표선동서로 237-2,제주특별자치도 서귀포시 표선면 표선리 689,3350285,5013032021,2022-09-21 17:34:00.000,1,62160,부식;스낵;주류;음료;정육;야채,
c_c003425,여행용 바세린,0,1,,편의점,,,,,,3,2000,여행용 바세린,2826010400
d_d003109,간식,0,2,,마트로 센트럴점,,,,,,1,20000,간식,5011010400
d_d010067,비행기 탑승권 구매,2,3,1018194800,(주)티웨이항공,서울 강서구 하늘길 210,서울 강서구 공항동 1373-5,4145490,1150010800,2022-10-09 21:50:00.000,1,201900,비행기표,
d_d005226,제주투어패스,3,2,2098155339,(주)마이리얼트립,서울 서초구 강남대로 327,서울 서초구 서초동 1337-20,2102001,1165010800,2022-10-09 09:35:00.000,1,42000,[제주]제주투어패스 48시간 프리패스권,
d_d001984,모바일티켓,1,5,1138521083,엔에이치엔한국사이버결제 주식회사,서울 구로구 디지털로26길 72,서울 구로구 구로동 222-22,4148327,1153010200,2022-10-06 00:27:00.000,1,55400,,
d_d001677,보조배터리,0,2,,쿠팡(주),,,,,,1,26600,보조배터리,1171010200
d_d000196,돌고래투어 티켓;승마+atv 체험,0,1,,쿠폰트리(네이버 스토어 구매),,,,,,1,150000,돌고래투어 티켓;승마+atv 체험,5011010200
c_c004502,주류,0,4,,GS25시,,,,,,3,19800,주류,4719012800
d_d006712,청담지민,0,2,,드레스대여 1벌 및 메이크업,,,,,,5,400000,청담지민,5011011800
d_d002357,고집돌우럭 예약금,0,2,,고집돌우럭 중문점,,,,,,5,20000,고집돌우럭 예약금,5013011900
c_c002610,식품,0,2,2138152063,주식회사 아성다이소,,,,,,4,4000,소금통;소금,4117110300
d_d000372,사진촬영,0,2,,노델스넵,,,,,,5,110000,사진촬영,5011025300
d_d006832,요트투어,0,17,,퍼시픽마리나요트,,,,,,5,755000,요트투어(50%선금),5013011900
b_b006607,주유,0,1,,통영 해양셀프주유소,,,,,,3,50000,주유,4822031000
d_d001353,잡화,1,1,2138152063,주식회사 아성다이소,대전 동구 동서대로1695번길 8,대전 동구 용전동 68-20,4292211,3011011500,2022-09-11 21:14:00.000,1,23100,디즈니_위니더푸_포켓티슈;체크무늬원단우의(파우치포함);해바라기수세미;여행용삼각퍼프SET(24P);고속충전케이블5핀(보조배터;휴대용튜브용기(3개입/SE;아동덧버선3족(7~9세);치약칫솔 휴대용세트;덴티스테_오랄린스 100;미성엠보화장솜230매;화장솜케이스(투명);신규소비자봉투(대),
d_d009723,선패치,0,2,2138152063,주식회사 아성다이소,,,,,,1,2000,선패치,1171010600
d_d001059,보조밧데리,1,1,,,,,,,2022-08-31 14:38:00.000,1,201900,,
d_d007623,삼각대,0,2,2138152063,주식회사 아성다이소,,,,,,1,5000,삼각대,4311311700
d_d006124,식품,0,1,,하나로마트,,,,,,3,3060,커피 간식,5013032000
a_a011008,폭죽,1,4,1208800767,쿠팡㈜,서울 송파구 송파대로 570,서울 송파구 신천동 7-30,2005011,1171010200,2022-10-27 11:52:00.000,1,19800,"해변가 불꽃놀이 폭죽세트,4,감성캠핑 세트",
d_d001361,카페패스,0,1,,카페패스,,,,,,4,0,카페패스(렌트카사은품으로 무료제공),5011013700
c_c001965,아침식사용 토스트,1,2,6340302118,이삭토스트서울구일점,서울 구로구 구일로4길 30,,4148291,1153010200,2022-09-16 09:42:00.000,1,6200,햄스페셜 토스트,
a_a000220,식품,0,2,,강산축산물;림희마켓 와인,,,,,,1,180000,고기;와인,3014010200
d_d002560,981파크 이용권,1,2,,모노리스제주파크 주식회사,제주특별자치도 제주시 애월읍 천덕로 880-24,,3349188,5011025336,,1,59000,레이싱하고놀랩1인-197,
d_d002845,가방을 부탁해 서비스 예약,2,2,8560302509,가방을부탁해,제주특별자치도 서귀포시 중문상로82번길 15,제주특별자치도 서귀포시 중문동 1725,4854783,5013011200,,1,70000,"기내용,화물용,특대형 캐리어;백팩 소형,대형 이동비",
d_d004294,간식,1,4,2228700770,(주)와이식자재마트,제주특별자치도 제주시 건주로 27,제주특별자치도 제주시 도련일동 1937-1,4849158,5011013000,2022-10-14 21:37:00.000,1,12780,과일;스낵;부식,
d_d006186,비행기표,1,2,6168150527,(주)제주항공,제주특별자치도 제주시 신대로 64,제주특별자치도 제주시 연동 301-1,3349111,5011013700,2022-10-11 09:21:00.000,1,216800,비행기표,
b_b004278,식품,2,3,1263300197,더벤티,경남 통영시 광도면 죽림4로 23-19,경남 통영시 광도면 죽림리 1570-1,3333030,4822034024,2022-09-25 10:03:00.000,1,7000,(아이스)카라멜;(핫)카라멜마끼,
d_d005964,리무버,0,1,,올리브영,서울 강남구 선릉로 602 삼릉빌딩,,,,,1,5300,리무버,1168010500
d_d006693,제주패스,1,1,,제주투어패스,제주특별자치도 제주시 청사로 11,제주특별자치도 제주시 도남동 573-2,3349193,5011012900,2022-10-26 00:00:00.000,1,19600,프리패스 자유이용권,
c_c000227,월배 홈플러스 생필품,1,2,2208160348,홈플러스(주),대구 달서구 월배로 183,대구 달서구 상인동 171-1,3007013,2729011500,2022-08-11 23:42:00.000,1,110020,잡화;정육;스낵;야채;부식'주류;음료,
d_d002085,바베큐파티,0,2,,함비자게스트하우스,,,,,,5,40000,게스트하우스 바베큐파티,5011025923
d_d000424,아쿠아플라넷 입장권,1,1,5248601528,네이버파이낸셜 주식회사,경기 성남시 분당구 정자일로 95,경기 성남시 분당구 정자동 178-4,3180021,4113510300,2022-08-13 00:00:00.000,1,34200,아쿠아플라넷제주아메리카노PKG,
d_d002595,무릎보호대,1,1,2648104652,바록스(주),서울 송파구 법원로11길 7,서울 송파구 문정동 644-2,4853405,1171010800,2022-10-04 00:00:00.000,1,73500,[OS1ST KS7]미국특허 무릎 보호대,
d_d002817,비행기표,1,1,6058184518,에어부산 주식회사,부산 강서구 유통단지1로57번가길 6,부산 강서구 대저2동 3148-5,3136083,2644010200,2022-09-21 00:00:00.000,1,157000,비행기표,
b_b003762,식품,0,2,,공오일마트,,,,,,1,5000,간식,2626010800
d_d005955,셀카봉,1,2,4328601379,셀루미,서울 금천구 벚꽃로24길 26,서울 금천구 가산동 219-6,4151222,1154510100,2022-10-17 02:28:00.000,1,26820,롱레인지블루투스셀카봉삼각대SEL-GT1550M150CM리모컨풀세트,
d_d002864,식품,0,4,,홈플러스,,,,,,2,108707,햇반.버섯.음료수.그릴대여.김치찌개.살치살.상추.마시멜로.매직캠프파이어가루.과자,5013010500
d_d005156,잡화,0,1,,아트박스,,,,,,1,26500,공병 6개;휴대용배터리,4111113600
c_c003326,식품,0,2,,하나로마트오룡점,,,,,,3,50000,고기;잡화,3014011300
b_b000885,식품,1,2,3788800672,후앙베이커리,경기 고양시 일산동구 위시티2로11번길 45,경기 고양시 일산동구 식사동 1529,4379222,4128510100,2022-09-28 19:57:00.000,1,4950,D]바게트샌드위치,
b_b004713,캠핑등;이소가스;장작,0,1,,57000,경기 의왕시 고래들길 13 1 ~ 3층,,,,,1,57000,캠핑등;이소가스;장작,4143010100
d_d002140,삼각대,1,1,5248601528,네이버파이낸셜 주식회사,경기 성남시 분당구 정자일로 95,경기 성남시 분당구 정자동 178-4,3180021,4113510300,2022-10-10 00:00:00.000,1,23000,카메라 스마트 폰삼각대,
b_b000313,식품,1,1,6058538180,롯데쇼핑(주)롯데키즈마트부산점,부산 부산진구 신천대로 241,부산 부산진구 부암동 257,2129001,2623010800,2022-08-12 18:13:00.000,1,99980,마블나인 한우 홈마카세 선물세트;오리온 예감 오리지널,
d_d003260,귤품은흑돼지 예약,1,2,5248601528,네이버파이낸셜 주식회사,경기 성남시 분당구 정자일로 95,경기 성남시 분당구 정자동 178-4,3180021,4113510300,2022-10-04 00:00:00.000,1,96000, 귤품은흑돼지전문점,
c_c003042,먹거리,1,4,2068650913,(주)이마트,대구 달서구 진천로 92,,3147042,2729011900,2022-09-22 18:57:00.000,3,133350,오뚜기맛있는밥10;바나나는 하얗다6입;BLT샌드위치;농심 짜파게티 큰사발1;프리미엄소세지데니쉬;모둠쌈;하동 새송이(팩);햇반컵반 스팸마요;농심 사리곰탕큰사발1;카라멜콘메이플;농심육개장큰사발110;노브랜드 미네랄워터;처음먹는 새우얌얌;프레첼체다치즈맛;청양고추(봉);햇반컵반 치킨마요덮밥;남양 우리아이처음먹;감차칩사워크림;칸타타 콘트라베이스;처음먹는 양파 얌얌;클라우드칼로리 라이트;콘칩 초당옥수수맛;롯데 의성마늘빅그릴;농심 새우탕큰사발115;피코크 차돌된장500G;스타벅스바닐라275ML;농심튀김우동큰사발;NB)데리야끼닭꼬치;완두콩와사비스낵90G;더블삼각(소고기고추);달홀진주25도 375ML;처음처럼 새로소주16,
d_d000677,식품,1,3,6168225573,애월농협 하나로마트,제주특별자치도 제주시 애월읍 애원로 41,,3349128,5011025334,2022-08-26 20:48:00.000,1,66820,스낵;부식;수산물;음료;주류;과일,
d_d006678,음식,0,1,,홈플러스 영등포점,서울 영등포구 당산로 42 홈플러스영등포점,,,,,1,129490,음식,1156012100
d_d004451,의류,0,2,,에잇세컨즈 청주점,,,,,,1,99800,의류,4311110200
d_d010680,우도전기차 렌트,1,1,2098155339,(주)마이리얼트립,서울 서초구 강남대로 311,서울 서초구 서초동 1338-12,2102001,1165010800,2022-11-05 00:00:00.000,1,20000,,
d_d001447,왕복 비행기 티켓,1,2,6168150527,(주)제주항공,제주특별자치도 제주시 신대로 64,제주특별자치도 제주시 연동 301-1,3349111,5011013700,2022-09-25 01:35:00.000,1,136910,항공권,
d_d001597,식품,0,2,,하귀농협에서,,,,,,4,80000,맥주;와인;탄산수;스팸;참치;과자,5011025340
d_d001637,마스크,1,1,5668701096,주식회사 위메프,서울 강남구 영동대로 502,,2122002,1168010500,2022-09-21 00:00:00.000,1,17500,(네이팡)네이팡쿨링(Ultra-Thin)훼이스,
d_d003504,웰니스프로그램(요가 + 채식) 참여비,2,1,8158101244,십일번가 주식회사,서울 중구 한강대로 416,,2005005,1114011800,2022-10-06 20:20:00.000,1,20000,[2022 웰니스페스타] 제주901 웰니스 여행,
a_a001178,식품,2,3,1408513042,롯데마트,경기 시흥시 비둘기공원로 28,경기 시흥시 대야동 542,3199029,4139010100,2022-08-25 15:17:00.000,1,48540,필스너우르켈(캔);대한곱창 곱창전골;서울 아침에쥬스(오렌지);서울 딸기우유;농심 새우탕 큰사발;오뚜기스낵면컵;농심 포테이토칩 오리지날;오리온 치킨팝 닭강정맛;뽀로로 워터젤리 포도;크라운 콘칩;풀무원 두부봉 해물;오리온 태양의맛 썬;농심 바나나킥,
d_d009076,식품,0,2,,탑마트,,,,,,1,14090,음료수;과자;젤리;도시락재료,5011010400
d_d003061,쓰레기봉투,1,1,6162196723,GS25,제주특별자치도 제주시 중앙로 62,제주특별자치도 제주시 일도일동 1451-1,3349184,5011010100,2022-10-10 12:03:00.000,1,720,종량제봉투10L,
a_a002689,식품,2,4,8708801143,(주)에스에스닷컴,,,,,2022-10-01 00:00:00.000,1,71168,SSG.FRESH손질 새송이버섯300G+300G(봉);오리온 참붕어빵 8입232G;[1ST한돈]두툼칼집삼겹살(500G);[1ST한돈]목심구이(500G);김이라면 시골  들기름김(4G+16봉);[롯데]꼬깔콘 군옥수수맛67G;NOBRAND 노브랜드 정성깃든쌈장500G;NOBRAND노브랜드 미네랄워터 2L*6;PEACOCK 피코크 차돌짬뽕탕500G;NOBRAND 노브랜드  아삭한쌈무350G;[농심]멸치칼국수(98G5입)490G;[오뚜기]라면사리(110G 5개);오늘반찬은 신선한란30알;[빙그레]바나나맛우유(240ML4개)960ML,
d_d003277,식품,1,2,1828501031,CU,서울 강서구 하늘길 112,서울 강서구 공항동 1373-5,4145490,1150010800,2022-10-20 06:21:00.000,1,16400,하이트)블랙보리P520m;주)3XL우삼겹전주;허니버터아몬드40g;맛밤80g;생크림우유롤케익;크림치즈우유롤케익,
d_d000080,골프 모자,1,2,4088161947,(주)남도골프,광주 남구 대남대로 403,광주 남구 월산동 930-14,2009001,2915510400,2022-08-07 16:16:00.000,1,80000,,
d_d002267,배표 차량선적영수증,3,2,4118102115,(주)남해고속,,,,,2022-10-05 15:54:00.000,3,115800,승선권,
d_d000501,항공권,1,2,1058694734,선민투어주식회사,서울 마포구 동교로23길 27,서울 마포구 동교동 205-7,4139110,1144012100,2022-08-11 13:31:00.000,1,153800,항공비;발권대행수수료,
d_d003359,잡화,1,1,1381215081,마운티아평촌점,경기 안양시 동안구 흥안대로 457-8,경기 안양시 동안구 평촌동 85-12,2000018,4117310300,2022-10-13 13:46:00.000,1,19000,,
d_d006167,식품,1,1,6168205029,구좌농협하나로마트,제주특별자치도 제주시 우도면 우도로 143,,3349158,5011033021,2022-10-15 14:15:00.000,1,21830,제주삼다수2L;얼음1봉지;깐대파;항정살,
d_d003234,옷,0,1,,갤러리아백화점,,,,,,1,407000,옷,4111710400
c_c000009,식품,0,4,,노량진수산시장,,,,,,3,250000,바베큐 준비물,1159010100
b_b000786,항공권,1,2,,진에어,,,,,2022-09-05 17:28:00.000,1,77200,항공비,
d_d007146,식품,0,1,,CU 편의점,제주 서귀포시 안덕면 녹차분재로 64 (안덕면) 1층 1층,,,,,3,4700,물;물티슈;과자,5013031000
d_d005999,약,0,4,,기린수한약국,,,,,,1,22500,박카스;멀미약;소화제;진통제,4313010600
a_a010968,식품,3,5,,홈플러스 김포점,경기 김포시 중봉로 14,경기 김포시 감정동 692,3209114,4157010500,2022-10-26 23:50:00.000,3,101760,"정육, 음료;야채;부식;해산물",
a_a000047,식품,0,4,,SSG닷컴,,,,,,1,36530,햇반;우유;두부볼;귤;쥬스;컵라면;과자,4119010900
c_c002579,식품,1,3,,이마트,,,,,2022-09-24 21:12:00.000,3,114420,잡화;스낵;청과;음료;정육,
d_d005113,식품;잡화,0,1,,코스트코 광명점,,,,,,3,120000,등산신발;등산스틱;상비약;간식,4121010600
c_c002534,식품,2,4,7741101450,더채움마트,경남 양산시 물금읍 서들로 142,경남 양산시 물금읍 가촌리 1301-3,3338110,4833025323,2022-09-26 19:21:00.000,1,7400,테라피처1L;진로이즈백36;더건강한그릴비,
d_d001447,왕복 비행기 티켓,2,2,6168150527,(주)제주항공,제주특별자치도 제주시 신대로 64,제주특별자치도 제주시 연동 301-1,3349111,5011013700,2022-09-25 09:10:00.000,1,136910,항공권,
d_d009215,식품;잡화,1,2,8181201626,세븐일레븐,제주특별자치도 제주시 애월읍 애원로 515,,3349128,5011025331,2022-10-31 10:58:00.000,1,7900,동아)가그린오리지널250ML;마즈)이클립스소프트레몬4;마즈)이클립스소프트청포;롯데)목캔디(오리지날),
d_d004619,9.81 파크 이용권,1,1,5248601528,네이버파이낸셜 주식회사,경기 성남시 분당구 정자일로 95,경기 성남시 분당구 정자동 178-4,3180021,4113510300,2022-10-09 22:51:00.000,1,49500,,
d_d000755,세면도구세트,0,1,,CU창원대점,경남 창원시 의창구 퇴촌로 1,,,,,1,8000,세면도구세트,4812112500
c_c003042,먹거리,2,4,2068650913,(주)이마트,대구 달서구 진천로 92,,3147042,2729011900,2022-09-22 18:55:00.000,1,45910,미국산 초이스 살치살 ,
d_d009659,체험프로그램 마인드샤워,1,1,4988500107,플레이스(playce),제주특별자치도 서귀포시 성산읍 동류암로 20,,3350063,5013025924,2022-10-30 20:55:00.000,1,25000,하루의마무리 '마인드 샤워',
d_d001060,잡화,0,2,,CJ올리브영(주) 제주국제공항점,,,,,,1,14400,배쓰밤 버블배쓰 눈썹칼,5011010900
a_a003540,식품,0,3,,하나로마트,,,,,,1,50000,여행에서 먹을  음식,1132010700
d_d002148,영양제 및 여행객 선물,1,1,8098101574,씨제이올리브영(주),부산 해운대구 구남로 42,부산 해운대구 중동 1391-42,3132002,2635010600,2022-10-19 21:24:00.000,1,87900,세리박스 세리번 나이트 14포 매가행사;오쏘몰 이뮨 멀티비타민미네랄 매가행사;[일반]기프트박스(중),
d_d003194,휴대폰충전기,0,1,,와디즈,,,,,,1,39900,휴대폰충전기,4113510800
d_d005315,약,3,3,1064265179,은솔약국,제주특별자치도 제주시 한림읍 한림중앙로 46,제주특별자치도 제주시 한림읍 한림리 936-7,3349210,5011025024,2022-10-19 16:20:00.000,1,28000,일반의약품,
d_d003881,반려견패드,1,1,2068650913,(주)이마트,제주특별자치도 제주시 1100로 3348,제주특별자치도 제주시 노형동 919,3020003,5011012200,2022-10-12 21:22:00.000,1,8500,패드 M 100매,
d_d004071,제주패스,2,2,,제주투어패스,제주특별자치도 제주시 청사로 11,제주특별자치도 제주시 도남동 573-2,3349193,5011012900,2022-10-14 00:00:00.000,1,49000,A-1.제주48시간 프리패스 입장권 성인,
d_d001591,하멜치즈몽,0,6,,하멜,,,,,,1,374000,하멜치즈몽,5011012200
d_d005754,식품,0,2,,레아스마카롱,제주 제주시 수덕로 78 노형이편한세상 입구 상가 1층,,,,,5,48000,레터링 케이크,5011012200
a_a000572,수영복,1,1,,NAVER FINANCIAL,,,,,2022-08-24 00:00:00.000,1,27900,체크 셔링 랩 브이넥 원피스 수영복 여성 빅사이즈 비치웨어 블랙 아이보리,
d_d012475,취다선 리조트 크리스탈 싱잉볼 명상 체험,2,1,3468701186,주식회사취다선,제주특별자치도 서귀포시 성산읍 해맞이해안로 2688,제주특별자치도 서귀포시 성산읍 오조리 398-10,3349242,5013025922,2022-11-08 00:00:00.000,1,33999,크리스탈 싱잉볼 명상,
d_d001755,모두의마블게임,0,1,,티몬,,,,,,1,9900,모두의마블게임,1168011000
c_c003035,식품,0,4,,이마트에브리데이 이문점,,,,,,3,25500,소주6병;계란;샤인머스캣1송이,1123011000
d_d009192,삼각대,1,2,1208800767,쿠팡㈜,서울 송파구 송파대로 570,서울 송파구 신천동 7-30,2005011,1171010200,2022-10-27 00:07:00.000,1,10610,"BANADA 스마트폰 4단 삼각대 5종 세트, BND-TP4001(실버)",
d_d002026,맥주2개,0,2,,편의점,,,,,,1,4000,맥주2개,5011025000
d_d005761,롯데호텔제주 더캔버스 디너,0,2,,롯데호텔,,,,,,1,234000,롯데호텔제주 더캔버스 디너,5013011900
b_b001039,식품,0,4,,고봉민김밥인 대전전민점,대전 유성구 유성대로 1736,,,,,1,13000,김밥,3020014100
d_d004451,의류,1,2,3178514127,삼성물산(주)에잇세컨즈,충북 청주시 상당구 성안로 1,충북 청주시 상당구 북문로1가 106,3236031,4311110200,2022-10-23 17:48:00.000,1,109800,SWEATER(CARDIGAN);SWEATER(PULLOVER),
d_d011430,잡화,0,1,,빌리신,,,,,,5,19700,등산화 등 렌트,5011012100
d_d001669,트레킹 양말,1,1,1208800767,쿠팡㈜,서울 송파구 송파대로 570,서울 송파구 신천동 7-30,2005011,1171010200,2022-09-22 00:00:00.000,1,15900,"미즈노 라이너 더블 쿠션 크루 양말4족.M,화이트",
d_d003650,식품,0,4,,한림수협,,,,,,1,13000,참이슬;라면,5011025000
d_d002450,커플티,0,2,,시흥프리미엄아울렛 나이키,,,,,,3,120000,커플티,4139013500
a_a001993,바베큐용 돼지고기,1,4,,월드축산,경기 파주시 경의로 1010,경기 파주시 야당동 1046,3012061,4148010800,2022-09-24 14:46:00.000,3,35800,,
b_b009947,튜브,1,2,5248601528,네이버파이낸셜 주식회사,경기 성남시 분당구 정자일로 95,경기 성남시 분당구 정자동 178-4,3180021,4113510300,2022-10-14 00:00:00.000,1,42800,스윔어바웃 고급형 스트라이프 워터해먹 튜브 대형 투명 물놀이튜브 3가지컬러외 1건,
d_d005338,식품,0,4,,맥도날도제주월드컵스타디움DT점,,,,,,1,19400,햄버거,5013011600
d_d009379,관람권,2,2,2118841856,주식회사티몬,서울 강남구 압구정로 118,서울 강남구 신사동 529-4,3122007,1168010700,,1,23800,"[가을여행왔추]제주에코랜드+심쿵혜택,사계절다양한볼거리(구매2개)",
a_a006642,보조배터리. 여행로그 앱을 켜두면 배터리가 빨리 줄어든다고 해서 gps가 꺼지지 않도록 줄이 필요없는 보조배터리를 구매했다.,0,1,,온세일몰,서울특별시 영등포구 영등포로 109 (영등포유통상가) 2층 마열 35호. 온라인으로 구매함.,,,,,1,11000,보조배터리. 여행로그 앱을 켜두면 배터리가 빨리 줄어든다고 해서 gps가 꺼지지 않도록 줄이 필요없는 보조배터리를 구매했다.,1156011200
b_b004416,저녁식사거리 및 간식류,1,3,6158510307,롯데마트,경남 김해시 번화1로56번길 15,경남 김해시 대청동 300,4805360,4825012900,2022-09-23 13:40:00.000,3,47100,스낵;음료;부식;과일,
d_d002195,커플옷구매,1,3,4108532249,롯데아울렛월드컵점,광주 서구 금화로 240,광주 서구 풍암동 423-2,3009011,2914012800,2022-09-29 14:49:00.000,1,117000,,
c_c003960,자전거 싯포스트 가방,0,1,,토픽,,,,,,1,154900,자전거 싯포스트 가방,2917013900
d_d002112,비행기표,0,1,,김포공항,,,,,,1,70000,비행기표,1150010800
b_b004383,양갈비,1,2,5248601528,네이버파이낸셜 주식회사,경기 성남시 분당구 정자일로 95,경기 성남시 분당구 정자동 178-4,3180021,4113510300,2022-09-21 12:05:00.000,1,38000,냉장 커팅 양고기 프렌치랙양알등심 양갈비 캠핑 홈파티 초이유통,
d_d003474,식품,0,2,,GS25만성타운점,,,,,,1,25000,과자등 간식,4511313100
d_d007764,해녀의부엌 예약,3,5,2058601457,해녀의부엌,제주특별자치도 제주시 조천읍 북촌9길 31,제주특별자치도 제주시 조천읍 북촌리 1281,4847764,5011025927,2022-10-16 12:54:00.000,1,534000,디너(17시)*NEW4월1일 개시 외 5건,
b_b001981,전투식량,1,2,5248601528,네이버파이낸셜 주식회사,경기 성남시 분당구 정자일로 95,경기 성남시 분당구 정자동 178-4,3180021,4113510300,2022-08-11 19:10:00.000,1,17100,핫앤쿡비화식발열도시락발열전투식량비상식량외3건,
d_d002802,아르떼뮤지엄 티켓,0,6,,아르떼뮤지엄 티켓,,,,,,1,111000,아르떼뮤지엄 티켓,5011025300
d_d006737,C타입케이블,1,1,1828501031,CU,서울 강서구 하늘길 112,서울 강서구 공항동 1373-5,4145490,1150010800,2022-10-17 10:53:00.000,1,8500,C타입케이블,
d_d005056,샌드위치&차,2,2,4742200862,봄봄제주연동점,제주특별자치도 제주시 연북로 48,제주특별자치도 제주시 노형동 726-1,3349136,5011012200,2022-10-14 18:36:00.000,1,3500,레몬얼그레이(HOT),
d_d003054,카약예약,1,2,5248601528,네이버파이낸셜 주식회사,경기 성남시 분당구 정자일로 95,경기 성남시 분당구 정자동 178-4,3180021,4113510300,2022-10-11 00:00:00.000,1,27000,제주 함덕해변 투명카약/국제리더스클럽,
d_d000044,파티용품,0,5,,네이버파이낸셜(주),,,,,,1,63999,파티용품,4113510300
d_d011377,가방배달,3,1,,주식회사 트립,,,,,2022-10-28 16:03:00.000,1,9000,,
c_c000684,꽃살 오겹살,1,2,4698501369,(주)금산 신방판매점,충남 천안시 동남구 서부대로 293,,2249003,4413111600,2022-08-28 09:05:00.000,1,21420,미박삼겹살;꽃살,
d_d009379,관람권,1,2,8158101244,십일번가 주식회사,서울 중구 한강대로 416,,2005005,1114011800,,1,25500,(제주)노형수퍼마켓+혜택몰빵/제주여행/미디어아트/공항,
d_d001579,sns인증샷용 토퍼구매,1,1,1208800767,쿠팡㈜,서울 송파구 송파대로 570,서울 송파구 신천동 7-30,2005011,1171010200,2022-09-28 00:00:00.000,1,10500,"다담쓰 토퍼 태교토퍼 태교여행토퍼 여행토퍼 베이비토퍼 안녕토퍼, 옐로우-아기",
d_d001941,단체티,2,8,,네이버페이,,,,,2022-09-22 16:39:00.000,1,110900,,
d_d007397,쌍안경,1,4,1208800767,쿠팡㈜,서울 송파구 송파대로 570,서울 송파구 신천동 7-30,2005011,1171010200,2022-10-26 22:24:00.000,1,66000,산주광학CONCERT 10x25HD AUTO자동초점쌍안경,
b_b000313,식품,3,1,6078529843,롯데마트동래점,,,,,2022-08-09 19:50:00.000,1,11990,하코야 닭모둠꼬치구이,
d_d007518,제주투어패스,0,2,,(주)엘에스컴퍼니,,,,,,4,44000,제주투어패스,5011012900
d_d009379,관람권,5,2,5248601528,네이버파이낸셜 주식회사,경기 성남시 분당구 정자일로 95,경기 성남시 분당구 정자동 178-4,3180021,4113510300,2022-10-31 00:00:00.000,1,30000,[우도사람들렌트]우도전기차/삼륜전기차/스쿠터/전기자전거/전차량최신형모델/초특가할인이벤트,
d_d000411,구명조끼,0,1,,코스트코,,,,,,4,30000,구명조끼,4145011000
d_d001551,커피,1,1,2356800396,카페1950,제주특별자치도 서귀포시 중문관광로 90,제주특별자치도 서귀포시 색달동 2864-10,3350251,5013011900,2022-10-03 11:53:00.000,1,6400,아이스아메리카노1잔,
d_d003168,주유,0,2,,제주,,,,,,1,40000,주유,5011011600
d_d001555,수육,0,6,,처갓집돼지국밥,,,,,,1,50000,수육,2726011200
d_d004945,제주마음샌드,0,2,,파리바게트 제주공항점,,,,,,1,70000,제주마음샌드,5011010900
d_d010334,무릎보호대,1,1,1208800767,쿠팡㈜,서울 송파구 송파대로 570,서울 송파구 신천동 7-30,2005011,1171010200,2022-10-30 09:41:00.000,3,45000,"잠스트 무릎보호대 EK-3,L(44-48CM), 1개 외 1건",
b_b003032,빵,0,4,,뚜레쥬르 공덕해링턴점,,,,,,1,12000,빵,1144010400
d_d001586,식품,2,5,6168223143,하귀농협하나로마트,제주특별자치도 제주시 애월읍 일주서로 7136,,3349236,5011025340,2022-09-30 10:50:00.000,1,5450,오뚜기)옛날국수_중면 1.5KG,
a_a008302,식품,0,2,,롯데수퍼 송파가락점,,,,,,3,49800,수입육 고기 3팩,1171010700
d_d009523,스누피가든 입장료,1,1,,(주)플레이스엠,제주특별자치도 제주시 청사로 26,제주특별자치도 제주시 도남동 696-1,3349193,5011012900,2022-11-05 00:00:00.000,1,18000,스누피가든+도슨트,
d_d001673,쇠소깍카약 패러글라이딩,1,1,2218519291,쇠소깍전통나룻배체험지점,제주특별자치도 서귀포시 쇠소깍로 128,제주특별자치도 서귀포시 하효동 995,3350171,5013010800,2022-09-27 13:55:00.000,3,20000,,
a_a005007,인천투어패스,1,2,,인천투어패스,인천 연수구 갯벌로 12,인천 연수구 송도동 7-50,3152001,2818510600,2022-10-31 00:00:00.000,1,31540,인천투어패스통합권 성인,
c_c004244,식품,0,2,,GS프레쉬,,,,,,1,80000,삼겹살;목살 등 바베큐 용품,1144010800
d_d002688,제주랜터카10만원권 & 제주투어패스48시간권,1,1,2208742885,(주)야놀자,서울 강남구 테헤란로108길 42,서울 강남구 대치동 1003,4166713,1168010600,2022-09-30 17:07:00.000,3,80000,렌트비,
a_a002133,식품,0,1,,노브랜드,서울 영등포구 양평로 135,,,,,1,9000,음료수;과자,1156012900
d_d005539,커피,0,1,,카페봄봄,,,,,,1,1300,아메리카노,5011025334
d_d005620,비행기표,0,1,,아시아나 항공,,,,,,4,0,마일리지 항공권 예매,1168011300
a_a002314,주유비,1,2,8701500835,광주제2주유소,경기 광주시 경충대로 2130,경기 광주시 중대동 292-3,2012002,4161010800,2022-09-17 10:58:00.000,1,40000,휘발유,
c_c001100,식품;잡화,0,4,,이마트,,,,,,1,31000,과자;일회용품;음료수;과일,4146510500
c_c002221,식품,0,2,,마트앤마트,,,,,,3,25620,삼겹살;상추;쌈무;양파;마늘,2920012000
d_d004070,잡화,0,1,,서면 롯데백화점;서면 지하상가,,,,,,4,330000,니트옷 삼각대 선글라스,2623010300
d_d002308,제주투어패스,1,5,5248601528,네이버파이낸셜 주식회사,경기 성남시 분당구 정자일로 95,경기 성남시 분당구 정자동 178-4,3180021,4113510300,2022-10-07 00:00:00.000,1,200000,제주투어패스 48시간 프리패스 제주도여행 관광 체험 액티비티 카트 승마 우도2박3일,
a_a000391,여행용 세면도구 세트,0,2,,올리브영 동대문역사문화공원역점,,,,,,1,7900,여행용 세면도구 세트,1114014800
a_a001781,식품,1,3,1358556302,(주)다다플러스,경기 오산시 발안로 1356-9,,3210137,4137012000,2022-09-16 13:14:00.000,1,25880,카스캔기획 375ML*8입;종량제(재사용) 20L;롯데)말랑카우밀크 79G;꿀밤쫀디기 130G;크라운)죠리퐁(중) 89G;동서)오레오마일드스위트 100G;해태)포키극세 44G;처음처럼PET 640ML;처음처럼PET 400ML;농심)짜파게티범벅 70G,
c_c000241,아르떼 뮤지엄 티켓,0,1,,아르떼 뮤지엄티켓,,,,,,4,17000,아르떼 뮤지엄 티켓,4613012600
d_d002993,빵,1,2,2023601337,제주하귀파리바게뜨,제주특별자치도 제주시 애월읍 하광로 41,제주특별자치도 제주시 애월읍 하귀1리 213-8,3349202,5011025340,2022-10-08 11:57:00.000,1,9200,프렌치크라상;고소짭짤햄치즈브레드;NEW명품잡채고로케;포장)아이스아메리카노;C 향긋한아메리카노,
c_c003161,식품,0,2,,번동베스트점 CU,,,,,,1,10500,라면;과자;음료,1130510200
d_d000025,셀카봉,1,1,,,,,,,2022-08-04 00:00:00.000,1,11800,,
d_d001799,샴푸세트,0,1,,쿠팡,,,,,,1,10000,샴푸세트,1114012800
d_d000909,9.81파크 이용권,0,2,,9.81파크 3회 이용권,제주 제주시 애월읍 천덕로 880-24,,,,,1,79000,9.81파크 이용권,5011025336
c_c001016,소갈비,0,4,,노브랜드,,,,,,1,30000,소갈비,4136025321
d_d007630,잡화,2,1,1208800767,쿠팡㈜,서울 송파구 송파대로 570,서울 송파구 신천동 7-30,2005011,1171010200,2022-10-25 11:37:00.000,1,34000,"브랜든 부피순삭 압축 파우치,S(30 X21CM), L(36 X 26CM)블랙",
b_b003850,마스크팩,0,1,,올리브영 청주동남점,,,,,,1,10000,마스크팩,4311112400
d_d002872,식품,1,4,1688500550,(주)제스코마트서귀포지점,제주특별자치도 서귀포시 상효로 39,제주특별자치도 서귀포시 상효동 754-1,3350131,5013010700,2022-10-23 08:40:00.000,1,125700,부식;음료;스낵;주류;잡화,
b_b001152,울릉패스 48시간,2,1,,마일리얼트립,,,,,2022-08-24 00:00:00.000,1,9900,[경북 울릉도]울릉투어패스24/48시간권,
d_d000158,여행용 물품 및 간식,1,4,3678102730,롯데슈퍼,광주 광산구 수등로 258,광주 광산구 신가동 1017-1,3163025,2920011900,2022-08-11 15:01:00.000,1,23840,오리온오징어땅콩3묶음294G;롯데뻥소리230G;푸르밀가나초코우유300ML;ONLYPRICE자몽허니블랙티1.5L;프링글스양파맛110G;ONLYPRICE체다치즈팝콘60G;기타간식;파울라너바이스비어(캔)500ML,
b_b015013,디피랑 + 통영케이블카 입장권,0,1,,디피랑,,,,,,5,20900,디피랑 + 통영케이블카 입장권,4822010800
d_d010067,비행기 탑승권 구매,1,3,1018194800,(주)티웨이항공,서울 강서구 하늘길 210,서울 강서구 공항동 1373-5,4145490,1150010800,2022-10-10 23:29:00.000,1,329200,비행기표,
d_d010578,난산리다방주문,2,2,7120900746,"난산리다방,조아가지구",제주특별자치도 서귀포시 성산읍 난산로41번길 39-2,제주특별자치도 서귀포시 성산읍 난산리 1173-1,4851206,5013025931,2022-11-04 13:40:00.000,3,48500,마들렌;바닐라라떼;아인슈페너;청귤;다방브래드,
d_d012305,연돈 카츠산도 예약,1,2,,연돈,,,,,,1,9500, 카츠산도 1개,
d_d000441,항공권,3,2,1218189086,주식회사 진에어,서울 강서구 공항대로 453,서울 강서구 등촌동 653-25,2005007,1150010200,2022-07-29 08:14:00.000,1,90700,항공권,
d_d009301,제주투어패스,0,2,,제주투어패스,,,,,,1,44000,제주투어패스,5011012900
c_c006820,식품,1,4,1068307115,국군복지단,,,,,2022-10-20 00:00:00.000,1,16050,올리브짜파게티;새우탕큰사발;오뚜기 볶음진짬뽕;꼬북칩초코츄러스맛L;콘칩;크런키빼빼로;바리스타롤스스모키로스팅라떼250ML;달고나라떼;바나나우유;피크닉사과;웰치그레이프맛;밀키스;오잉포차꾸이오잉칩,
a_a000927,라면,1,3,2484500092,CU,서울 영등포구 국회대로72길 17,서울 영등포구 여의도동 13-22,4154091,1156011000,2022-08-17 08:45:00.000,1,5040,,
d_d001440,비행기표,1,2,2118841856,주식회사티몬,서울 강남구 압구정로 118,서울 강남구 신사동 529-4,3122007,1168010700,2022-09-21 00:00:00.000,1,69000,[오늘의여행]구매즉시4%할인+렌트카/숙박/입장권12%할인(구매2개),
d_d002973,아쿠아플라넷 이용권,1,2,8158101244,십일번가 주식회사,서울 중구 한강대로 416,서울 중구 남대문로5가 541,2005005,1114011800,2022-09-11 15:25:00.000,1,47430,,
d_d004915,점심,1,4,1068123498,롯데지알에스 주식회사,서울 강서구 하늘길 112,서울 강서구 공항동 1373-5,4145490,1150010800,2022-10-20 12:24:00.000,1,36400,NEW한우B;한우불고기셋;,
d_d000437,잡화,0,2,,에이블리,,,,,,1,429000,수영복;트레이닝복;속옷;바지;선글라스;쪼리,1165010800
d_d006150,커피,1,2,5702001734,빽다방,제주특별자치도 제주시 일주동로 185,제주특별자치도 제주시 화북일동 1984-9,3349235,5011011100,2022-10-22 09:53:00.000,1,5000,앗메리카노(HOT);앗메리카노(ICED),
d_d002262,편의저음식,1,1,5326800206,CU,제주특별자치도 서귀포시 대정읍 평화로 6,제주특별자치도 서귀포시 대정읍 안성리 1447-10,3349240,5013025023,2022-10-12 00:00:00.000,1,9300,김)이금기삼겹살김밥1;숯불후랑크꼬치바2입;도구리바닐라라떼,
d_d002397,숙박비,0,3,,더비비스제주,,,,,,1,140000,더버비스호텔 1박 룸2개,5013011600
d_d009159,음식,2,3,6168166499,(주)제스코마트,제주특별자치도 제주시 연북로 444,,3349136,5011012900,2022-10-29 06:04:00.000,1,4800,각굴(국내산),
d_d000139,삼다정 뷔페 식사권,1,4,,MAISONGLAD JEJU SAMDAJEONG,,,,,2022-08-10 13:24:00.000,1,220000,중식뷔페,
d_d000041,식료품,1,8,2068650913,(주)이마트,부산 연제구 좌수영로 241,부산 연제구 연산동 2374,3137034,2647010200,2022-08-01 19:13:00.000,3,248640,부식;스넥;잡화;식품;육류,
d_d003719,잡화,0,1,,크로커다일,,,,,,5,89000,점퍼,3017010900
d_d000222,공연예매,1,3,5248601528,네이버파이낸셜 주식회사,경기 성남시 분당구 정자일로 95,경기 성남시 분당구 정자동 178-4,3180021,4113510300,2022-08-14 00:00:00.000,1,80000,제주 뽀로로파크 테마파크 종합이용권외 2건,
d_d003200,아웃도어 미션 게임 키트,1,2,5248601528,네이버파이낸셜 주식회사,경기 성남시 분당구 정자일로 95,경기 성남시 분당구 정자동 178-4,3180021,4113510300,2022-10-08 00:00:00.000,1,11900,플레이더 제주-붉은산호의 수수께끼,
d_d003676,식품,1,3,8990201951,돌코롬조천점으뜸아이스크림할인점,제주특별자치도 제주시 조천읍 신북로 254-1,제주특별자치도 제주시 조천읍 조천리 2345-13,3349112,5011025923,2022-10-28 15:15:00.000,1,2400,제주V워터;미니멜츠빅피츠,
d_d005299,제주투어패스,1,1,2068689631,(주)엘에스컴퍼니,제주특별자치도 제주시 청사로 11,제주특별자치도 제주시 도남동 573-2,3349193,5011012900,2022-10-21 00:00:00.000,1,24500,[제주]제주투어패스 48시간 프리패스권,
d_d001607,여행패스 티켓,0,2,,주식회사 해우리,,,,,,1,53800,여행패스 티켓,5011010400
d_d010255,주유,1,1,7178500920,현대오일뱅크,제주특별자치도 제주시 연북로 524,제주특별자치도 제주시 아라일동 2605-1,3349136,5011011700,2022-10-29 14:30:00.000,1,27000,주유비,
d_d001229,디올립스틱,0,1,,디올 제주면세점,,,,,,1,46580,디올립스틱,5011010900
a_a001178,식품,1,3,3640202250,명품달인김밥,경기 시흥시 수인로3312번길 16,경기 시흥시 대야동 693,4397370,4139010100,2022-08-26 08:26:00.000,3,12800,명품김밥;치즈김밥;김치김밥,
d_d009087,아이스핏 키즈체험 티켓,0,1,,메이저스포츠산업,,,,,,5,20000,아이스핏 키즈체험 티켓,5013025000
d_d000407,입장권,2,4,1018190575,(주)현대이지웰,서울 서대문구 충정로 23,서울 서대문구 충정로3가 470,3112011,1141010200,2022-08-07 00:00:00.000,1,27550,제주테디베어사파리,
d_d010098,캐리어,0,3,,주식회사 와이앤커뮤니케이션즈,,,,,,5,98660,캐리어,4146310200
d_d000482,기내용 여행가방,1,1,,롯데아이몰,,,,,2022-07-25 00:00:00.000,1,84750,아메리칸투어리스터,
b_b004736,승차권 예매,2,1,1298638970,(주)이비카드,서울 중구 청계천로 24,서울 중구 다동 39,3100021,1114010200,2022-09-23 00:00:00.000,1,13500,BUSTAGO 시외버스 승차권,
b_b004543,식품,0,5,,부부고깃간,,,,,,1,56000,삼겹살,2917013100
c_c000583,식료품,1,6,4868702163,주식회사와마켓,경기 화성시 남양읍 역골중앙로 141,경기 화성시 남양읍 남양리 2256,3210081,4159026221,2022-08-26 19:52:00.000,1,243560,동원)알래스카크랩스144g+72g;오븐&통그릴직화부어스트500G;한돈생삼겹살/바베큐;수입냉장꽃등심;한돈생목살/바베큐;하루한알30구;쭈꾸미;농심-육개장사발면6입;프로바이오틱사과130ml;유동자연산골뱅이400g;새송이버섯/1봉;(동원)번데기130g;패밀리믹스너트840G;샤인머스켓;진라면_매운맛(125G*5)5입;적상추1봉;(DH)담백하고건강한베이컨210g;초당콩나물600g;청정원현미찰고추장1.7kg+300g;보해)복분자375ml;청양고추;동원/양반한식김자반전통자반50g,
d_d002118,안경,0,2,,아띠안경원,,,,,,1,200000,안경,1130510300
d_d004830,제주 귀덕골방,0,1,,제주 귀덕골방,,,,,,1,20000,제주 귀덕골방 방문을 위해 필요한 예약,5011025024
d_d001015,의류,1,1,,,,,,,2022-08-23 12:57:00.000,1,84378,XTK016대퍼딜꽈배기 니트(KHAKI)외 2건,
d_d001181,비행기표,0,4,,제주에어;티웨이항공,,,,,,1,400000,비행기표,4311425000
b_b001661,경북여행몰 경북e누리,1,3,,경북여행몰,,,,,2022-08-04 00:00:00.000,1,110000,경북E누리 울릉도 블루모텔+케이블카+모노레일+봉래폭포+해중전망대+관음도+예림,
d_d011819,캐리어,1,1,5248601528,네이버파이낸셜 주식회사,경기 성남시 분당구 정자일로 95,경기 성남시 분당구 정자동 178-4,3180021,4113510300,2022-10-25 11:15:00.000,1,89999,,
d_d004349,항공권,2,1,8258100091,에어서울,서울 강서구 하늘길 176,서울 강서구 공항동 1373-5,4145490,1150010800,2022-10-17 07:35:00.000,1,71300,비행기표,
d_d007863,수영바지,1,2,5248601528,네이버파이낸셜 주식회사,경기 성남시 분당구 정자일로 95,경기 성남시 분당구 정자동 178-4,3180021,4113510300,2022-10-24 00:00:00.000,1,22800,남장여자비비드비치웨어보드숏 래쉬가드 수영복 바지 커플 반바지외 1건,
d_d007965,제주도 스냅촬영,1,2,,데이지데이,,,,,2022-08-22 00:00:00.000,1,330000,스냅촬영,
d_d009381,식품,1,2,5248601528,네이버파이낸셜 주식회사,경기 성남시 분당구 정자일로 95,경기 성남시 분당구 정자동 178-4,3180021,4113510300,2022-10-31 12:54:00.000,1,59000,김선장회센타,
d_d001724,롱플레이제주 예약,0,1,,롱플레이,,,,,,1,10000,롱플레이제주 예약,5011025621
a_a003265,플라츠레스토랑 디너 뷔페,1,4,1168119948,한국정보통신㈜,인천 중구 영종해안남로 19-5,인천 중구 운서동 2877,3149029,2811014700,2022-10-13 20:57:00.000,1,196600,레스토랑예약디너,
a_a002368,식품,0,2,,이마트,,,,,,3,65000,밀키트 종류와 삼겹살,4143010100
d_d002473,모자,1,11,5248601528,네이버파이낸셜 주식회사,경기 성남시 분당구 정자일로 95,경기 성남시 분당구 정자동 178-4,3180021,4113510300,2022-09-19 00:00:00.000,1,60000,제주감귤모자 10+1 오렌지 라탄 귤 서핑 밀짚 아동 여성 남자 봄 여름 벙거지 챙 모자,
d_d000516,스냅지,0,1,,스냅지 인터넷 배송,대왕장미아파트 101동 502호,,,,,1,438000,스냅지,4511113700
d_d004048,주유비,1,2,,동산주유소,제주특별자치도 제주시 연북로 130,제주특별자치도 제주시 연동 417,3349136,5011013700,2022-10-16 19:00:00.000,1,5040,주유비,
d_d000275,보조배터리,2,1,1208800767,쿠팡㈜,서울 송파구 송파대로 570,서울 송파구 신천동 7-30,2005011,1171010200,2022-08-21 18:35:00.000,1,21900,"알로코리아고속무선충전보조배터리10000MAH,1001WPD,혼합색상",
c_c002443,펜션 바베큐 음식,0,2,,이마트 에브리데이 성북동점,,,,,,3,50000,펜션 바베큐 음식,1129010100
c_c000260,식품,0,6,,군부대 px,,,,,,3,70000,주류 및 간식 등,4313039000
c_c006857,커플 아우터 구입,1,2,2208601214,데상트코리아주식회사,서울 송파구 올림픽로 300,서울 송파구 신천동 29,3123023,1171010200,2022-10-16 18:09:00.000,1,250600,엄브로 남성일반스포츠,
a_a001396,고기 소주,1,2,2068650913,(주)이마트,경기 고양시 일산동구 무궁화로 237,경기 고양시 일산동구 중산동 1809,3193011,4128510200,2022-09-02 10:53:00.000,1,15040,참이슬 클래식360ML병;(소)호주산토시살구이,
d_d006307,물과 간식,1,3,6163053707,GS25함덕라마다점,제주특별자치도 제주시 조천읍 신북로 474,제주특별자치도 제주시 조천읍 함덕리 3077-1,3349112,5011025924,2022-10-22 01:59:00.000,1,4950,하늘보리325ML;Y)지리산샘물2L;참치김치김밥;쇼핑백판매,
d_d004684,프리다이빙 강습권,1,1,1615000275,오션트래블러,제주특별자치도 서귀포시 신북로 12,제주특별자치도 서귀포시 서호동 1232-6,3350354,5013010300,2022-10-24 00:00:00.000,1,545751,아이다3 프리다이빙 강습 교육 자격증,
c_c002171,부식일체,4,8,1298510086,NC백화점,경기 성남시 분당구 야탑로81번길 11,,4340309,4113510700,2022-09-12 15:26:00.000,1,110890,청정원 바다소금(절임용)1KG;삼립 미니꿀약과 500G;오뚜기 옛날 국수 소면 900G;오뚜기 진라면 매운맛 120G*5입;오뚜기 진라면 순한맛 120G*5입;일가집 와사비쌈무 350G;청정원 순창양념듬뿍쌈장500G;삼양 라면 120G*5입;CJ 비비고 총각김치 900G;단면이쑤시개_대_470입;친환경 위생공기 15CMX10입;굿딜 디자인종이컵_360ML_25입;소주컵 70ML*50입;목우촌 주부9단 두툼프랑크 450G;CJ 미정당 생칼국수 400G;동원 비피더스명장 12입기획 140ML*1;다회용 스푼(40P);나무젓가락(종이) 50입;친환경 위생접시 18CMX10입;친환경 위생접시 20CMX10입;친환경 위생접시 23CMX10입;청정원 순창(쌀)초고추장 500G;고기가 참 맛있어지는숯700G;청정원 순창 (현미)찰고추장1KG사각;해피홈 라벤더에어졸 500ML*3입,
d_d012376,커피,0,2,,빽다방,,,,,,1,7300,커피,5011011200
d_d007930,식품,1,1,4636000258,감저,제주특별자치도 서귀포시 대정읍 대한로 22,,3350337,5013025028,2022-10-29 13:08:00.000,1,5500,수제자몽티 ICE,
a_a000660,식품,0,12,,코스트코 양평점,,,,,,2,408950,식재료 음료,1156010400
d_d009051,렌즈,1,1,2067009728,으뜸50안경,서울 광진구 자양로43길 48,,4112450,1121510100,2022-10-28 14:46:00.000,1,27000,,
d_d009073,비행기표,0,2,,김포공항,,,,,,1,192360,비행기 예매,1150010900
d_d001336,토토아틀리에 베이킹체험 이용권,1,1,,토토아뜰리에,제주특별자치도 제주시 애월읍 고성북길 112,제주특별자치도 제주시 애월읍 상귀리 152,4847120,5011025323,2022-09-23 15:30:00.000,1,26000,[10세~대인]당근파운드케이크,
c_c004333,식품,2,2,2598601513,(주)와이마트,광주 광산구 풍영철길로 20-4,광주 광산구 우산동 1363-13,3163062,2920010900,2022-09-29 19:44:00.000,1,12000,머루포도,
d_d001440,비행기표,2,2,6168150527,(주)제주항공,제주특별자치도 제주시 신대로 64,제주특별자치도 제주시 연동 301-1,3349111,5011013700,2022-09-23 00:17:00.000,1,75600,항공권,
d_d001207,휴대폰 케이스,0,1,,전기종올디자인케이스,,,,,,1,34000,휴대폰 케이스,2823710100
d_d009159,음식,3,3,6168166499,(주)제스코마트,제주특별자치도 제주시 연북로 444,,3349136,5011012900,2022-10-29 17:58:00.000,1,5960,흔한남매플리퍼즈15,
d_d000494,항공권,0,4,,김포공항,,,,,,2,628960,항공권,4157010700
c_c004286,식품,0,3,,우리한우 우리한돈,,,,,,3,25300,삼겹살,4413310200
d_d000498,카패패스,2,2,5248601528,네이버파이낸셜 주식회사,경기 성남시 분당구 정자일로 95,경기 성남시 분당구 정자동 178-4,3180021,4113510300,2022-09-06 12:22:00.000,1,19000,"[제주전체]제주 카페패스, 인기카페3일",
d_d002067,제주패스투어 48시간,1,1,2118841856,주식회사티몬,서울 강남구 압구정로 118,서울 강남구 신사동 529-4,3122007,1168010700,2022-09-28 00:00:00.000,1,19800,제주투어패스 제주여행 프리패스권,
d_d004407,할로윈축제참가 소품,0,2,2138152063,주식회사 아성다이소,,,,,,1,20000,할로윈축제참가 소품,5011011100
d_d001595,숙박비,1,4,,(주)포잉코퍼레이션,,,,,2022-08-30 15:06:00.000,1,480000,,
d_d000996,잡화,0,3,2138152063,주식회사 아성다이소,,,,,,1,35000,우비;삼각대,2826011400
a_a000205,식품,0,2,,하당고기백화점,,,,,,1,32000,돼지고기,4377025021
d_d004349,항공권,1,1,1018194800,(주)티웨이항공,서울 강서구 하늘길 210,서울 강서구 공항동 1373-5,4145490,1150010800,2022-10-13 00:00:00.000,1,54300,비행기표,
d_d000622,카멜리아힐 입장권,1,2,,카멜리아 힐(제주),제주특별자치도 서귀포시 안덕면 병악로 166,제주특별자치도 서귀포시 안덕면 상창리 271,3350095,5013031024,2022-08-25 00:00:00.000,1,10800,제주 카멜리아힐 입장권|제주여행|제주동백|수목원,
d_d002152,식품,0,2,,집근처 마트,,,,,,1,15000,우동;라면;우유 외 간식들,2771025625
d_d001756,산방산온천티켓,0,2,,주식회사 산방산탄산온천,,,,,,1,14000,산방산온천티켓,5013031000
d_d004601,제주샌드,0,1,,파리바게뜨 렌트카하우스점,제주 제주시 공항로 2 (용담이동) 제주국제공항 렌터카하우스,,,,,1,35150,제주샌드,5011010900
c_c000263,숙소예약,1,3,,목포라한바이현대호텔,전남 영암군 삼호읍 대불로 91,전남 영암군 삼호읍 삼포리 1237-6,3295024,4683025328,2022-08-17 00:00:00.000,1,279645,숙박비,
d_d004115,식품;잡화,0,2,,지마켓외,,,,,,1,70000,장갑;썬크림;지인선물(견과류),1147010300
d_d001224,식품,1,6,6058544270,NC백화점,부산 부산진구 동천로 92,부산 부산진구 전포동 668-1,3129010,2623010200,2022-09-21 15:21:00.000,1,216750,비비고순댓국460G;킴스클럽1등급삼겹살(냉장);킴스클럽1등급삼겹살(냉장);킴스클럽1등급삼겹살(냉장); 호가든473ML캔4.9도;칠성사이다1.8L; 동원살코기참치135G*6;농심카프리썬사파리200ML*10 입;농심카프리썬사파리200ML*10 입;재사용종량제봉트20 L;(BIG 컵반)CJ스팸김치덮밥328G;(컵반)CJ고추장제육덮밥250G;(컵반)CJ참치마요덮밥204G;(컵반)CJ 불닭마요덮밥219G;(컵반)CJ 사골곰탕국밥166G;(컵반)CJ치킨커리덮밥278G;(BIG컵반)CJ 스팸마요덮밥307G;OPRICE언양식소불고기400G;오뚜기진라면소컵순한맛65G*6입;오뚜기진라면소컵매운맛65G*6입;친환경새송이버섯300G;오이맛고추(봉);농심백산수500ML;회;하우스감귤대용량(팩)(국산);크라운인기스낵4번들기획248G;크라운인기스낵4번들기획263G;스윗사파이어550G별도표기;친환경농산물;OPRICE 일판란30입;소불고기할인;하우스감귤MKT서면;킴스쿠폰;돼지목심삼겹살;동원참치[롯데];일판란30입[롯데];비비고국)2개8990원;햇반덮밥4개9900원;오뚜기소컵2개6990원,
a_a014899,부래드앤버터 와인,1,2,,포도,서울 종로구 대학로 135,서울 종로구 명륜4가 18,3100002,1111017200,2022-10-22 23:40:00.000,1,66000,,
d_d003231,주유,1,2,4558601445,광동,제주특별자치도 제주시 일주서로 7832,제주특별자치도 제주시 연동 2424-7,3349236,5011013700,2022-10-08 17:51:00.000,1,50000,주유비,
d_d003721,식품,2,5,,곱창을말하다,,,,,2022-10-21 19:09:00.000,1,47000,곱창+대창1개;계란찜;펩시제로;배달팁,
d_d002852,렌터카,1,2,2868800238,(주)팀오투,서울 강남구 테헤란로2길 21,서울 강남구 역삼동 825-27,4166731,1168010100,2022-10-31 00:00:00.000,3,26130,렌트비,
d_d004446,식품;잡화,0,4,,플러스마트,,,,,,3,75000,간식과 바베큐 재료,5013011100
d_d000160,식품;잡화,0,4,,이마트 광산,,,,,,1,95000,멀미약;수영복;반바지;티셔츠 등,2920010900
d_d006965,여행중 식자재구매,1,2,6168214630,중문농업협동조합,제주특별자치도 서귀포시 천제연로 242,,3350258,5013011200,2022-10-21 17:16:00.000,3,32740,스낵;음료;잡화;야채;해산,
d_d003157,올레패스노트,0,1,,저지문화예술인마을,,,,,,1,20000,올레패스노트,5011031000
d_d008029,비행기표,1,1,1018194800,(주)티웨이항공,서울 강서구 하늘길 210,서울 강서구 공항동 1373-5,4145490,1150010800,2022-07-19 12:43:00.000,1,82600,비행기표,
c_c000432,식품,1,2,3278601475,(주)비엘빅팜식자재마트,전남 광양시 눈소2길 21-1,전남 광양시 마동 1170-5,4655567,4623010700,2022-08-19 00:00:00.000,1,71390,종량제봉투 20L;대림)놀부햄부대찌개5_540G;비닐봉투80매/1관반_37*26*44;소디프)와사비쌈무350G;명진)니트릴장갑검정[대]100매;야)청양고추_국내산;한돈 생목살;포카리스웨트펫트1.5L;일품진로375ML;롯데친환경공기_150;롯데친환경접시_200;훈성접시[13호]_10*200;야)새송이버섯_국내산;야)깐마늘(국내산);광동)옥수수수염차500ML;대림)킬바사180G,
d_d002306,티켓,1,3,,스누피가든,제주특별자치도 제주시 구좌읍 금백조로 930,,3349228,5011025625,,1,75100,스누피가든+ C 형 관광지택1/b.청소년;a.성인,
c_c003209,식료품,1,2,2068650913,(주)이마트,부산 연제구 연수로 89,부산 연제구 연산동 822-7,3129044,2647010200,2022-10-07 21:59:00.000,1,37410,(G)미국냉장본갈비살;분다버그핑크375ML;우미원채끝스테이크용;피코크 매운치즈떡볶이,
d_d001336,왕복항공권,3,1,,티웨이항공,,,,,2022-09-07 10:53:00.000,1,128600,항공권,
d_d001269,항공권,1,1,,대한항공,,,,,2022-09-18 08:25:00.000,1,0,항공비,
d_d001845,신발,0,1,,슈펜,,,,,,1,59900,신발,1154510100
d_d008108,잡화,0,1,2138152063,주식회사 아성다이소,,,,,,3,5000,빈통;빨래비누,4784025000
d_d000108,스노쿨링장비,2,4,,NAVER FINANCIAL,,,,,2022-08-02 00:00:00.000,1,17000,위메프-[브렌스]브렌스 풀풋 오픈,
d_d003572,맥모닝,1,2,6168529245,맥도날드,제주특별자치도 제주시 중앙로 277,제주특별자치도 제주시 이도이동 1057-2,3349184,5011010400,2022-11-05 05:08:00.000,1,9200,베이컨 에그 맥머핀/세트,
d_d002729,무민랜드 입장권,0,1,,무민랜드제주,,,,,,4,13500,무민랜드 입장권,5013031000
d_d000108,스노쿨링장비,3,4,5248601528,네이버파이낸셜 주식회사,경기 성남시 분당구 정자일로 95,경기 성남시 분당구 정자동 178-4,3180021,4113510300,2022-08-02 00:00:00.000,1,11200,위레버 풀페이스 스노쿨링 마스크,
d_d005729,식품,0,2,,노형롯데마트,,,,,,1,184000,고기;야채;술,5011012200
d_d011016,주유비,1,1,,굿모닝 LPG충전,제주특별자치도 제주시 용문로 28,제주특별자치도 제주시 용담이동 1543,3349154,5011010900,2022-11-04 18:37:00.000,1,24000,주유비,
c_c005215,주유비,1,1,8808501606,효문2주유소,경북 포항시 남구 오천읍 냉천로560번길 4,경북 포항시 남구 오천읍 문덕리 585-18,4709049,4711125622,2022-09-28 17:45:00.000,1,69000,무연,
d_d002408,대여료,0,1,,돌하루팡,,,,,,5,17700,카시트 대여,5011013700
d_d011515,식품,0,3,,이마트전주점,전북 전주시 완산구 당산로 111,,,,,3,135660,숙소에서 먹을거리,4511112900
b_b006613,커피,0,2,,카페051사직역삼정,,,,,,1,3000,커피,2626010900
d_d001862,셀카봉,0,2,,5000,,,,,,3,5000,셀카봉,4514011100
a_a000490,식품,0,4,,마트,,,,,,1,31000,간식.음료등,4131010500
d_d000108,대여료,1,4,5248601528,네이버파이낸셜 주식회사,경기 성남시 분당구 정자일로 95,경기 성남시 분당구 정자동 178-4,3180021,4113510300,2022-08-03 00:00:00.000,1,38000,제주피크닉/파라솔+캠핑의자2+테이블24시간대여[JEJE],
d_d002821,제주투어패스,1,1,,주식회사 엘에스컴퍼니,제주특별자치도 제주시 청사로 11,제주특별자치도 제주시 도남동 573-2,3349193,5011012900,2022-10-19 03:28:00.000,3,0,제주투어패스 48시간 프리패스 제주도 여행 관광 체험 액티비티 카트 승마 우도 2박3일,
d_d008965,잡화,1,3,1208800767,쿠팡㈜,서울 송파구 송파대로 570,서울 송파구 신천동 7-30,2005011,1171010200,2022-10-29 00:00:00.000,1,7560,"네이쳐러브메레 팬티형 수영장기저귀 아동공용 대형(8~13KG),9매",
d_d003586,커피,0,1,,에이바우트,,,,,,1,1900,커피,5011011700
b_b000512,밑반찬 과일,0,7,,역곡시장,,,,,,3,40000,밑반찬 과일,4119010700
c_c003390,식사비,1,2,3061653444,동백산장,전남 여수시 돌산읍 무술목길 12-8,전남 여수시 돌산읍 평사리 1272,4646355,4613025029,2022-10-02 15:53:00.000,1,38000,동백산장,
a_a002828,커피,1,2,2018121515,주식회사 스타벅스 커피 코리아,서울 성동구 왕십리로 410,,3005011,1120010200,2022-09-24 14:58:00.000,3,10000,I-G)아메리카노,
d_d002734,8핀전용일회용,1,1,1011041017,GS25,서울 종로구 자하문로 19-1,서울 종로구 체부동 37-1,3100012,1111011200,2022-10-02 00:00:00.000,3,3900,8핀전용일회용,
d_d003928,제주901,1,2,8158101244,십일번가 주식회사,서울 중구 한강대로 416,서울 중구 남대문로5가 541,2005005,1114011800,2022-10-08 16:06:00.000,1,40000,[2022 웰니스페스타] 제주901 웰니스 여행,
d_d005151,식품,0,5,,하나로마트하귀,,,,,,1,15000,라면;밤;황금향,5011025340
b_b006272,식품;잡화,0,1,,우리홈마트,,,,,,3,60000,등갈비;숯;막창,4157010600
d_d003645,식품,1,4,1960401706,짱구분식,제주특별자치도 서귀포시 중동로48번길 3,제주특별자치도 서귀포시 서귀동 254-2,4850759,5013010100,2022-10-09 11:52:00.000,1,15000,떡볶이,
c_c002516,식품,1,13,6228111169,(주)신라식품,경남 김해시 진영읍 서부로179번길 16,경남 김해시 진영읍 죽곡리 170-1,4805533,4825025032,2022-09-16 18:30:00.000,1,116250,불고기소시지(H.35);야채피자소시지(H.35);돈양념숯불갈비;돈양념숯불갈비;돈목살(숯불구이);돈목살(숯불구이);돈목살(숯불구이);헬시포크뒷고기(국산);헬시포크뒷고기(국산);헬시포크뒷고기(국산);쌈무_새콤_한성;바비큐육포.순한맛,
d_d001299,꽃,0,1,,(주)글로리아플라워 을지로역입구역 지점,,,,,,1,5000,꽃,1114010400
d_d005209,식품,0,2,,CU영평점,,,,,,4,2400,과자,5011013600
d_d007848,부모님 커플옷,1,2,,라코스떼,,,,,2022-10-30 00:00:00.000,1,549100,,
c_c005196,포도(선물),0,4,,U마트,,,,,,1,32000,포도(선물),4117110100
d_d010335,식사비,0,4,,한라봉스시,,,,,,1,20000,한라봉스시,5011025300
d_d001639,옷,1,2,,NAVER FINANCIAL ,,,,,2022-09-26 00:00:00.000,1,43300,가을 제주도 신혼 여행룩 웨딩촬영 커플 시밀러 룩 노란색 원피스외 1건,
d_d006753,옷,0,2,,숲속드레스,,,,,,1,409000,드레스;정장,1144011400
d_d002213,항공권,1,2,6168150527,(주)제주항공,제주특별자치도 제주시 신대로 64,제주특별자치도 제주시 연동 301-1,3349111,5011013700,2022-09-24 21:53:00.000,1,293720,비행기표,
d_d001439,식품,0,1,,파리바게뜨,,,,,,4,10000,빵;식빵;커피,2638010100
d_d000564,책,1,1,,교보문고,,,,,2022-08-16 00:00:00.000,1,3270,나만의 순간들,
a_a002327,인천투어패스,1,2,5248601528,네이버파이낸셜 주식회사,경기 성남시 분당구 정자일로 95,경기 성남시 분당구 정자동 178-4,3180021,4113510300,2022-08-27 00:00:00.000,1,39800,(인천투어패스)통합이용권,
d_d000918,식품,1,3,1302151770,주재근베이커리(주재근본점),경기 광명시 철산로 27,경기 광명시 철산동 245-4,3187055,4121010200,2022-08-26 20:10:00.000,1,25800,프리미엄샌드위치;에그산도샌드위치;패션후르츠샌드위치,
d_d007755,승선권,0,1,,0,,,,,,5,50700,배편 예약,4689025000
d_d000487,우비,0,2,,쿠팡,,,,,,1,30000,우비,1171010200
d_d001171,에코백,1,1,,에이치앤엠헤네스앤모리츠주식회사,,,,,2022-09-27 19:48:00.000,1,5900,,
d_d002055,불멍가루,1,2,,브아베르,서울 마포구 신촌로24안길 11,서울 마포구 노고산동 1-62,4139400,1144011000,2022-09-28 00:00:00.000,1,8280,(1+1신박템)불멍 캠핑 차박 레인보우캠프,
a_a011164,다이소 파티용품,1,4,2138152063,주식회사 아성다이소,경기 오산시 대원로 11,경기 오산시 오산동 880-15,3198011,4137010100,2022-10-20 13:33:00.000,1,18500,파스텔생일고깔모자(소);3M스카치벽면부착용테이프(19MM*15M);숫자은박풍선(3)(2개입);숫자은박풍선(0)(2개입);숫자은박풍선(6)(2개입);숫자은박풍선(2)(2개입);메탈릭파티커튼(1M*2M);콘페티폭죽(하트);은박풍선(하트)(2개입);생일영문레터링풍선,
d_d000987,마음샌드,0,2,,파리바게뜨 제주공항렌터카하우스점,,,,,,1,56000,마음샌드,5011010900
d_d000966,학회 패스,1,1,,건국대,,,,,2022-08-23 12:32:00.000,1,240000,회의참가 ,
d_d002165,캐리어 및 백팩,1,3,,(주)호텔롯데롯데면세점,,,,,2022-09-14 00:00:00.000,1,184700,만다리나덕[롯데면세점]HUNTER;만다리니덕[롯데면세점]LOGODUCK+,
d_d008208,식품,0,2,,이마트,,,,,,3,30000,간식류,5011010600
d_d012354,주유비,0,2,,동천가스충전소,,,,,,1,20000,가스충전,5013010400
d_d010634,비행기표,0,1,,김포>제주/제주항공,,,,,,1,49600,11/3일 항공편,5011010100
c_c003081,캠핑준비,0,6,,마트,,,,,,1,50000,캠핑준비,2650010500
d_d010575,간식,1,3,2148608930,㈜풀무원푸드앤컬처,서울 강서구 하늘길 112,서울 강서구 공항동 1373-5,4145490,1150010800,2022-11-03 15:43:00.000,1,14800,아몬드크림치즈 스틱;시나몬슈가 스틱;L아메리카노.I,
a_a000408,씨메르 대인 이용권,1,1,5248601528,네이버파이낸셜 주식회사,경기 성남시 분당구 정자일로 95,경기 성남시 분당구 정자동 178-4,3180021,4113510300,2022-08-20 08:03:00.000,1,52000,파라아디스시티 씨메르 극성수기 아쿠아스파+찜질스파 모바일발송 소인권,
c_c003313,커피,0,2,,Trudan,,,,,,1,11000,커피,1114012000
d_d001856,여행자보험,0,4,,에이스아메리칸화재보험,,,,,,1,15380,여행자보험,1114011800
d_d005315,잡화,1,3,,K2서귀포점,제주특별자치도 서귀포시 중정로 101,제주특별자치도 서귀포시 서귀동 256-4,3350254,5013010100,2022-10-16 11:34:00.000,1,177000,등산복바지,
d_d001358,식품,0,1,2018121515,주식회사 스타벅스 커피 코리아,,,,,,4,13000,아메리카노와 조각케이크,2911012600
d_d011813,옷,0,1,,여러곳,,,,,,1,150000,옷,4117110100
d_d001368,식품,0,5,,이마트에브리데이,,,,,,1,5000,조미김,4113510600
d_d004403,제주패스(카페패스),2,1,,,,,,,2022-10-08 11:51:00.000,1,10000,카페패스 3일 프리미엄,
b_b001085,식품,0,2,,뚜레쥬르,,,,,,1,15000,베이커리;음료,2771025626
d_d002379,모자,0,5,,아이엠써니,,,,,,1,37500,모자,4215010600
b_b003995,식료품,1,2,2108524440,롯데마트 삼양점,서울 강북구 삼양로 247,서울 강북구 미아동 1359,3005041,1130510100,2022-09-18 20:06:00.000,1,93470,주류;음료;부식;정육;야채;잡화,
d_d004677,주유,1,2,3152416244,최남단현대주유소,제주특별자치도 서귀포시 대정읍 상모로 14,제주특별자치도 서귀포시 대정읍 상모리 808,3350122,5013025021,2022-10-08 15:33:00.000,1,50000,주유비,
d_d010328,삼각대,1,1,7738601800,주식회사 영풍문고,광주 서구 무진대로 904,광주 서구 광천동 49-1,2009009,2914011500,2022-10-31 17:35:00.000,1,13200,로제트 초경량컴팩트;쇼핑백보증금,
d_d008024,전시회 티켓,1,1,2208742885,(주)야놀자,서울 강남구 테헤란로108길 42,서울 강남구 대치동 1003,4166713,1168010600,2022-10-28 12:17:00.000,1,16000,"[제주 서귀포] 그대,나의뮤즈 (~24/2/28)",
d_d002638,원터치텐트,1,4,4778802109,주식회사플레이캠프,경기 용인시 기흥구 하갈로 157,,3204063,4146310300,2022-09-27 02:04:00.000,1,114596,폴라리스 제이스타 팝업텐트(웜그레이) 원터치 팝업텐트,
d_d001893,제주패스,0,2,,제주패스,,,,,,1,19800,제주패스,5011013700
d_d002785,잡화,1,1,6168215473,제주국제자유도시개발센터,제주특별자치도 제주시 공항로 2,,3349012,5011010900,2022-10-05 20:43:00.000,1,156090,107460,
d_d006186,비행기표,2,2,6168150527,(주)제주항공,제주특별자치도 제주시 신대로 64,제주특별자치도 제주시 연동 301-1,3349111,5011013700,2022-10-11 09:21:00.000,1,102800,비행기표,
d_d002063,셀카봉 삼각대,1,1,8738800880,주식회사주파집,경기 오산시 외삼미로 66,경기 오산시 외삼미동 288-12,3198033,4137011100,2022-09-27 10:47:00.000,1,8900,주파집4.5세대 블루투스삼각대셀카봉BX-C01,
d_d001387,스누피가든 티켓,1,2,,트리플여행,,,,,2022-08-05 14:29:00.000,1,9000,(제주특가)스누피가든입장권,
d_d002184,캐리어,1,4,4030788994,엠비존,전북 전주시 덕진구 견훤로 389,전북 전주시 덕진구 인후동2가 1577-43,3266009,4511310400,2022-10-06 12:08:00.000,1,133000,,
d_d005593,공연티켓,1,1,,설문대여성문화센터,제주특별자치도 제주시 선덕로8길 12,제주특별자치도 제주시 연동 324-10,4847953,5011013700,2022-10-26 10:30:00.000,1,5000,탁탁탁 드르륵 호랑이 가열 57석,
d_d000429,제주패스,2,2,,티몬,,,,,2022-08-26 00:00:00.000,1,21380,[추석맞이]제주투어패스 제주여행 프리패스권 48시간 /72시간/20시간 이용권,
c_c000511,식품,0,2,,얼크니손칼국수,부산 기장군 기장읍 차성로417번길 22,,,,,1,19000,얼크니칼국수,2671025000
d_d007581,음료,0,1,,월드마트,,,,,,1,3000,음료,2824510200
d_d006232,식품;잡화,0,1,,이마트 의정부점,,,,,,1,100000,식자재 및 캠핑용품,4115010600
c_c001522,식품,0,2,,영암마트,,,,,,3,43000,과일;음료등,2920010900
d_d000849,잡화,0,1,,온라인 주문,,,,,,1,85000,청바지;쪼리;수영모자,2820010100
d_d001502,잡화,1,10,,센디코드,,,,,2022-09-13 00:00:00.000,1,128000,칠순잔치 가족 단체 행사 티셔츠 제작;배송비,
d_d002785,잡화,3,1,6168215473,제주국제자유도시개발센터,제주특별자치도 제주시 공항로 2,,3349012,5011010900,2022-10-05 20:52:00.000,1,38950,DARK CHOC,
c_c005613,지에스25,0,2,,지에스25,,,,,,3,4000,지에스25,1162010200
a_a002913,식품,1,7,2068650913,(주)이마트,서울 노원구 마들로3길 15,서울 노원구 월계동 333-1,4130262,1135010200,2022-09-29 21:20:00.000,1,297670,"파워오투아이스;노브랜드군밤100G*4입;파머스픽 아삭이;파워오투 오렌지레몬;노브랜드알로에1,5L;노브랜드 미네랄워터;파워오투 복숭아자몽;CJ 가쓰오우동4인;노브랜드꼬마오땅;해태 홈런볼초코5번들;삼진어묵 꼬치사각;노브랜드 건빵 215G;콜드오렌지+포도 1L*2;감자(1KG/봉);언양식소불고기500G;양념소불고기800G;땅콩버터통오징어;CJ깨끗한콩나물 380G;노브랜드미니구미베어;무항더느림+삼겹살;더느림+목심구이용;롯데칙촉180G(12입);롯데크런키돼지바333G;스니커즈 미니스 260G;노브랜드계란과자;빙그레 바나나맛우유;일미초절임무350G;롯데빼빼로누드50G;고기엔 참소스 300G;카)오렌지망고200*10;비피더스명장 포도8입;하루채소 양파;오뚜기카레순한맛100G;웰치스 포도 355ML*6;동원블랙퍼스트소시지;크라운참크래커15개입;하루채소 새송이버섯;노브랜드수딩젤미스트;테라463ML*8캔;CJ비비고백김치500G;하루채소 깻잎;하루채소 청양고추;서울짜요짜요기획 3입;오이시적초생강;(소)국산뒷다리다짐육;남양 이오 15입(80ML);칠성사이다 250ML*6;DOLE 스위티오 바나나;해표순창궁발아콩양념",
d_d000802,잡화,0,1,2138152063,주식회사 아성다이소,,,,,,1,4000,일회용 샤워세트 4개,4127110200
d_d001240,입장료,1,6,,플레이스엠제주모바일,,,,,2022-09-02 00:00:00.000,1,133170,제주서귀포잠수함+점보빌리지코끼리테마쇼/제주여행,
d_d011513,물과 간식 음료,1,4,1044195632,GS25,제주특별자치도 제주시 구좌읍 비자림로 1219,제주특별자치도 제주시 구좌읍 송당리 2608,3349079,5011025625,2022-11-05 00:00:00.000,1,23350,부식;스낵;음료;잡화,
d_d003715,옷,1,1,2231307488,믹스존,경남 창원시 마산회원구 3.15대로 744,경남 창원시 마산회원구 합성동 268,2019003,4812710600,2022-10-08 17:31:00.000,1,32400,단카라T/초록;허쉬블레로나시세트/아이;봉투,
d_d009260,옷,0,1,,핑크마켓,,,,,,1,24000,옷,4128510400
d_d001615,제주패스,1,4,,WEPICK,,,,,2022-08-09 00:00:00.000,1,128000,제주투어패스 3DAYS (72시간),
d_d002091,제주패스,1,1,4118601799,토스페이먼츠주식회사,서울 강남구 테헤란로 131,서울 강남구 역삼동 647-9,3122010,1168010100,2022-10-02 00:00:00.000,1,20500,,
b_b000543,김밥 6줄,0,4,,김 밥,,,,,,1,23000,김밥 6줄,4511112800
d_d000049,생수,0,1,,이마트24 금곡주공점,,,,,,1,900,생수,2632010100
d_d002917,방수팩,1,1,1098208998,강서농협하나로마트본점,서울 강서구 금낭화로 287-10,서울 강서구 방화동 829-2,3115002,1150010900,2022-10-07 16:33:00.000,1,5000,다이소5000원,
c_c009359,식품,1,2,1131724932,우리동네김밥,서울 구로구 경인로40길 11,서울 구로구 개봉동 475,4148098,1153010700,2022-10-29 05:59:00.000,1,4500,김밥3줄,
d_d010849,제주투어패스권,0,1,,WEPICK,,,,,,4,43500,제주투어패스권,5011012900
d_d002484,제주올패스 할인권,1,3,6168197240,(주)브이패스,제주특별자치도 제주시 중앙로 352,,3349184,5011010400,2022-10-07 12:24:00.000,1,42157,"브이패스 제주 48시간,72시간,120시간 올패스/제주도 여행 프리 투어 패스 체험 관광지",
d_d001291,레일바이크,0,1,,제주 레일바이크,,,,,,1,17640,레일바이크,5011025632
a_a005321,와인,1,3,1968502058,디오니,경기 하남시 동남로 388,경기 하남시 감일동 348-14,3000034,4145011400,2022-10-04 14:38:00.000,1,177200,라메르디아나 브리코세;클라우디베이쇼비뇽블;마르케제안티노리키안티;몬다비 버터리샤도네이,
d_d001485,잡화,0,1,2138152063,주식회사 아성다이소,,,,,,1,6000,단우산;우비,1150010900
d_d009045,식품,0,2,,대천김,,,,,,1,2700,대천김,5011010700
a_a006273,와인,0,2,,롯데마트 김포몰,,,,,,1,16000,와인,1150010900
d_d002703,잡화,0,5,,알파,,,,,,4,70000,발열 도시락(전투식량),1138010700
d_d005963,이용권,0,1,,(주)엘에스컴퍼니,,,,,,5,27500,'[제주] 노형수퍼마켙+수목원테마파크' 이용권,5011012900
a_a001033,식품,0,3,,이마트트레이더스,,,,,,1,60000,도시락 밎  군것질,4111710600
d_d001849,옷,0,1,,헤지스키즈,,,,,,3,89000,옷,2671025000
d_d000222,공연예매,2,3,5248601528,네이버파이낸셜 주식회사,경기 성남시 분당구 정자일로 95,경기 성남시 분당구 정자동 178-4,3180021,4113510300,2022-08-14 00:00:00.000,1,48000,태권마샬아트공연,
d_d004978,기타,3,1,,에어비앤비,,,,,2022-09-22 00:00:00.000,1,761730,,
d_d003166,샌드위치,0,1,,파리바게트,,,,,,1,5000,샌드위치,4311425000
d_d002465,강아지 캐리어,0,2,,주식회사 오브젝티보,,,,,,1,97000,강아지 캐리어,1120011500
a_a002913,잡화,2,7,2099169716,시장닭집,서울 성북구 장위로38길 45-2,서울 성북구 장위동 68-701,4121575,1129013800,2022-09-30 16:39:00.000,1,22000,낚시대,
b_b000151,물,1,3,2952201064,CU,부산 동래구 중앙대로 1327,부산 동래구 온천동 1436-6,2000010,2626010800,2022-08-25 09:06:00.000,3,3400,,
d_d009650,제주투어패스,1,2,2208742885,(주)야놀자,서울 강남구 테헤란로108길 42,서울 강남구 대치동 1003,4166713,1168010600,2022-11-03 22:07:00.000,1,18500,[제주투어패스 특가]48시간72시간120시간 프리패스 제주 자유이용권 A-1. 제,
d_d007987,약,1,1,,메디팜울산약국,울산 울주군 범서읍 천상중앙길 86,울산 울주군 범서읍 천상리 607-11,4320008,3171025922,2022-10-26 18:20:00.000,3,7000,소화제,
b_b002884,시외버스 예매(서울-거제),1,1,1048183559,주식회사 티머니,,,,,2022-08-08 11:08:00.000,1,36900,시외버스 승차권,
c_c005107,낚시대,0,2,,쿠팡,,,,,,4,50000,낚시대,4482533000
d_d003046,음료수,1,3,6168222066,안덕농협하나로마트,제주특별자치도 제주시 조천읍 함와로 40,,3349219,5011025924,2022-10-08 14:47:00.000,1,3280,매일 바나나는원래하얗다190ML;해태)포키딸기맛41G;델몬트사과드링크190ML*4,
d_d002605,여행용 캐리어,0,1,,코스트코코리아 세종점,,,,,,1,64900,여행용 캐리어,3611010400
d_d010758,단체잠옷,1,6,5248601528,네이버파이낸셜 주식회사,경기 성남시 분당구 정자일로 95,경기 성남시 분당구 정자동 178-4,3180021,4113510300,2022-10-31 00:00:00.000,1,83900,트라이여성 남성바지 커플 파자마 수면 파자마 기모 파자마 외 3건,
d_d001515,항공권,0,4,,진에어,,,,,,1,646600,항공권,5011010900
b_b004278,식품,1,3,6129308205,부산수산,경남 통영시 중앙시장1길 14-16,,4799415,4822010500,2022-09-24 13:20:00.000,1,31000,회,
a_a000354,식품,0,2,,코스트코 백석점,,,,,,1,100000,(흰다리새우 20184원) (삼겹살47;425원) (보드게임2개 30;000) (소주400ml 12병 24;000원),4128510600
d_d010257,바닐라 크림 콜드 브루,1,1,2018121515,주식회사 스타벅스 커피 코리아,제주특별자치도 제주시 연북로 394,제주특별자치도 제주시 도남동 377,3349136,5011012900,2022-10-31 09:58:00.000,3,6800,V)바닐라C콜드브루,
a_a002120,레터링케이크,1,2,,(K)보라빛케이크,,,,,2022-09-21 17:53:00.000,3,18000,,
a_a011162,식품,0,4,,강화남부농협본점,,,,,,1,34000,통삽겹살 2근,2871033000
d_d001776,휴대용 카시트,0,2,,쿠팡,,,,,,1,75000,휴대용 카시트,4117310400
d_d000757,삼각대,0,1,2138152063,주식회사 아성다이소,,,,,,1,5000,삼각대,1156010900
a_a001721,식품,1,2,5248601528,네이버파이낸셜 주식회사,경기 성남시 분당구 정자일로 95,경기 성남시 분당구 정자동 178-4,3180021,4113510300,2022-09-03 00:00:00.000,1,35200,초램양고기양갈비프렌치랙냉동300G+시즈닝2종외1건,
d_d011471,빛의벙커 입장권,1,1,5248601528,네이버파이낸셜 주식회사,경기 성남시 분당구 정자일로 95,경기 성남시 분당구 정자동 178-4,3180021,4113510300,2022-11-03 00:00:00.000,1,12600,"[앵콜 얼리버드] 빛의 벙커,세잔",
d_d001410,해녀의부엌,1,4,,해녀의부엌 북촌점,제주특별자치도 제주시 조천읍 북촌9길 31,제주특별자치도 제주시 조천읍 북촌리 1281,4847764,5011025927,,1,386000,해녀다이닝_디너;와인페어링신청,
d_d010204,간식 음료 술,1,1,5578200458,다목적어업인종합지원센터,제주특별자치도 제주시 한림읍 한림해안로 127,제주특별자치도 제주시 한림읍 한림리 1328-53,3349211,5011025024,2022-10-28 15:04:00.000,1,11520,재사용봉투20L;클라우드생피쳐1.6L;돌바나나필리핀산,
d_d001033,삼각대,1,2,1208800767,쿠팡㈜,서울 송파구 송파대로 570,서울 송파구 신천동 7-30,2005011,1171010200,2022-08-22 00:01:00.000,1,22750,"아즈나 카메라 스마트폰 삼각대 리모컨세트, SR-1(화이트)",
c_c004984,식품,0,10,,쿠팡,,,,,,1,42500,컵밥;쥐포;커피,1111010100
d_d007150,옷,0,1,,뉴발란스,,,,,,5,159000,옷,2623010300
b_b000950,식품,0,2,,이마트 월배점,대구 달서구 진천로 92,,,,,1,18780,술;요거트,2729011900
d_d012309,주전부리,1,1,,유드림마트,제주특별자치도 서귀포시 표선면 표선중앙로90번길 13,제주특별자치도 서귀포시 표선면 표선리 648-3,4851035,5013032021,2022-11-11 19:56:00.000,1,13800,,
b_b008495,식료품,0,4,,이마트,,,,,,1,220000,식료품,2729011900
c_c003655,입장권,2,2,2208742885,(주)야놀자,서울 강남구 테헤란로108길 42,서울 강남구 대치동 1003,4166713,1168010600,,1,30600,여수아르떼뮤지엄입장권성인,
d_d003518,비상약,0,1,,자연약국,,,,,,1,10500,비상약,5011013700
d_d004426,식품,1,3,6658800805,(주)메종드쁘띠푸르,제주특별자치도 제주시 신설로7길 3,제주특별자치도 제주시 아라이동 3001-19,4848126,5011011800,2022-10-27 17:33:00.000,1,8000,장시간 발효 M 바게트,
d_d011016,렌트카,2,1,7398800561,디아이브이,제주특별자치도 제주시 연삼로 38,제주특별자치도 제주시 연동 300-1,3349137,5011013700,2022-11-01 20:29:00.000,1,25300,[탐라렌트카] 쏘나타 뉴 라이즈 2017 + 완전자차패키지 - LPG,
d_d002022,도시락식자재,0,4,,강진농협파머스마켓,,,,,,4,16710,도시락식자재,4681025000
d_d000319,보조배터리,1,1,1048116860,롯데하이마트㈜,경기 구리시 경춘로 268,경기 구리시 수택동 534,3000120,4131010500,2022-08-26 15:52:00.000,1,25900,,
d_d009488,할로윈볼펨,0,1,,리빙마크,,,,,,1,6000,할로윈볼펨,4812131000
d_d001673,쇠소깍카약 패러글라이딩,2,1,4061000662,니모투어,서울 강남구 개포로 508,서울 강남구 개포동 186-15,3122001,1168010300,2022-09-21 00:00:00.000,1,88500,제주 바다하늘 패러글라이딩 체험권,
a_a001722,남성 래쉬가드 상의,0,1,,쿠팡,,,,,,1,21900,남성 래쉬가드 상의,1114011700
d_d006754,간식,1,1,1828501031,CU,서울 강서구 하늘길 112,서울 강서구 공항동 1373-5,4145490,1150010800,2022-10-19 20:31:00.000,1,10800,맥스봉크레이지핫바;김)탑티어불닭치즈김밥;빙그레바나나우유;코카)토레타P500ML;반숙계란2입,
a_a005351,식품;잡화,0,3,,홈플러스,,,,,,1,120000,주류 및 고기;귤;과자;일회용품,4111710500
d_d005514,식품,1,1,6169330785,통큰수산,제주특별자치도 서귀포시 중정로61번길 6,제주특별자치도 서귀포시 서귀동 274-1,4850836,5013010100,2022-10-21 19:39:00.000,1,18000,올레시장,
b_b010319,식품,0,2,,카페 코지밀,,,,,,1,10500,소금빵;쿠키,2771025628
d_d003721,식품,1,5,,BHC,제주특별자치도 제주시 연화로 16,제주특별자치도 제주시 노형동 732-1,3349141,5011012200,2022-10-21 17:39:00.000,1,24000,뿌링클 콤보;배달팁,
d_d007390,탑동골목,0,1,,탑동골목,제주 제주시 중앙로5길 13 1층,,,,,5,20000,탑동골목 선금,5011010100
d_d001493,잡화,1,1,8534200802,판다팜(인덕원),경기 안양시 동안구 관악대로 472,경기 안양시 동안구 관양동 1487-20,2182001,4117310200,2022-09-21 18:35:00.000,1,600,도루코터치3면도기,
a_a007263,파라다이스시티 씨메르 이용권,1,1,1208643350,(주)플레이스엠,서울 강남구 논현로 419,서울 강남구 역삼동 746,3121022,1168010100,2022-10-14 10:55:00.000,1,25500,씨메르찜질스파 이용권(10월),
d_d002802,아르떼뮤지엄 티켓,1,6,2118841856,주식회사티몬,서울 강남구 압구정로 118,서울 강남구 신사동 529-4,3122007,1168010700,2022-10-18 00:00:00.000,1,153670,제주아르떼뮤지엄.포토존으로 가득 찬SNS핫플(구매6개),
d_d009612,식품,0,1,,돌랑돌랑,,,,,,3,5700,아이스 라떼,5011010900
b_b002162,식품,0,3,,식자재마트,,,,,,3,20000,생수.김밥. 소주 계란.,4729011100
d_d000441,항공권,1,2,,에어부산,,,,,2022-08-26 00:00:00.000,1,83960,항공권,
d_d007523,제주브이패스,1,4,,브이패스,제주특별자치도 제주시 중앙로 352,,3349184,5011010400,,1,87600,[공통]48시간 제주여행 올패스 자유이용권,
d_d005979,식품,0,3,,서귀포 이마트,,,,,,3,225480,김치;흑돼지;새우;라면;햇반;참치;과자;맥주;소주;감자;고추장;치즈;사과;두유;레몬;파프리카;마늘;청양고추;버섯;쌈무;순두부찌개양념;순두부;파;파절이;오이,5013010200
c_c006707,식품,0,2,,이마트 금정,,,,,,1,113260,,2641010700
d_d003752,잡화,0,1,,롯데마트,,,,,,3,21000,커피;렌즈클리닝일회용티슈;핸드폰카메라리모콘 배터리,1114012000
d_d004122,식품,0,2,,동홍동 마트로,,,,,,1,10000,샤인머스캣 1송이;고구마 3개,5013010500
d_d012252,과자,1,3,7450702037,CU,제주특별자치도 제주시 연북로 106,제주특별자치도 제주시 연동 1494,3349136,5011013700,2022-11-05 11:07:00.000,1,3100,쫄병스낵매콤한맛;고래밥볶음양념;야쿠르트65ML5입,
d_d007467,워터레깅스,1,1,1208800767,쿠팡㈜,서울 송파구 송파대로 570,서울 송파구 신천동 7-30,2005011,1171010200,2022-10-25 00:00:00.000,1,19800,헤링본여자5부레깅스이너수영복스포츠애슬레저룩보드숏스윔웨어,
d_d001944,보조배터리,1,1,1208800767,쿠팡㈜,서울 송파구 송파대로 570,서울 송파구 신천동 7-30,2005011,1171010200,2022-09-26 00:00:00.000,1,36900,"카카오프렌즈 어부바 충전 보조배터리5000MAH무선,RYAN,WI22-MSPB5000",
d_d000547,잡화,0,1,,토마토,대전 중구 중앙로156번길 10,,,,,1,48600,바지;자켓,3014010100
d_d002503,의류(니트),1,1,,레이크꼬모피그먼트,경기 화성시 동탄대로 181,경기 화성시 송동 694,2348100,4159013700,2022-10-07 12:24:00.000,1,43500,,
d_d007988,가방,0,1,,가방을부탁해,,,,,,5,10000,가방,5013011200
d_d003988,식품,1,2,,(주)장보고식자재마트,,,,,2022-10-14 18:56:00.000,1,38950,,
d_d010383,아쿠아플라넷 입장권,1,2,,플레이스엠제주,제주특별자치도 제주시 청사로 26,제주특별자치도 제주시 도남동 696-1,3349193,5011012900,2022-10-30 00:00:00.000,1,58710,제주 아쿠아플라넷 종합권+인기관광지 택1,
d_d007728,식품,0,1,,롯데슈퍼,,,,,,1,20000,죽;과일;음료,2811014500
d_d000400,수영복 바지,1,1,1208800767,쿠팡㈜,서울 송파구 송파대로 570,서울 송파구 신천동 7-30,2005011,1171010200,2022-08-24 00:00:00.000,1,25000,"나야스타일컬로스남성용워터보드숏,L,형광",
d_d000219,항공권,1,1,,플라이강원,,,,,2022-07-21 10:41:00.000,1,92600,항공료,
d_d003333,식품,1,11,1078163829,(주)코스트코코리아,경남 김해시 주촌면 선천남로 16,경남 김해시 주촌면 천곡리 1522,3351852,4825032024,,1,127380,육류,
d_d002295,식사비,0,4,,롯데리아,,,,,,1,36400,식사비,4217010900
d_d002431,다이소 삼각대 여행용용기 카메라리모컨,1,1,2138152063,주식회사 아성다이소,경기 안산시 단원구 중앙대로 899,,2190002,4127310100,2022-10-04 13:02:00.000,1,9000,스마트폰&카메라삼각대;휴대용튜브용기(3개입);스마트폰 카메라 리모컨,
d_d000266,식품,0,4,,김밥천국 용현점,,,,,,3,7500,김밥,2817710200
d_d001415,경량배낭,1,1,1248128579,수원역사 주식회사,경기 수원시 팔달구 덕영대로 924,,3012001,4111513400,2022-09-25 00:00:00.000,1,91200,블랙야크 아웃도어웨,
d_d000182,비행기티켓,2,4,1218189086,주식회사 진에어,서울 강서구 공항대로 453,서울 강서구 등촌동 653-25,2005007,1150010200,2022-07-01 00:00:00.000,1,395200,항공권,
d_d000367,잠자리채,1,3,5258700359,플라잉타이거코리아 주식회사,경기 고양시 덕양구 고양대로 1955,경기 고양시 덕양구 동산동 370,2192001,4128111200,2022-08-17 11:28:00.000,1,6500,플라잉타이거코펜하겐,
d_d010862,잡화,2,2,1372150277,캠핑기어,인천 서구 검단로326번길 81-43,인천 서구 왕길동 64-362,4268121,2826012000,2022-10-19 00:00:00.000,3,23532,마운트리버 릴렉스체어 쿠션 커버 체어 스킨커버,
d_d000663,M1971 요트투어. 제주도브이패스,1,2,1138144055,(주)다날,경기 성남시 분당구 분당로 55,,3180026,4113510500,2022-07-14 17:13:00.000,1,127330,,
d_d001877,커피쿠폰,1,1,,JEJUPASS.COM,,,,,2022-10-03 20:05:00.000,1,7800,카페패스 3잔,
d_d006659,샤인머스켓,0,4,,코끼리마트 광장점,,,,,,1,10900,샤인머스켓,1121510400
c_c005361,식품,0,3,,이마트 창동점,,,,,,4,70000,캠핑에 필요한 여러가지 음식,1132010700
d_d000584,캐리어,1,1,5248601528,네이버파이낸셜 주식회사,경기 성남시 분당구 정자일로 95,경기 성남시 분당구 정자동 178-4,3180021,4113510300,2022-07-30 00:00:00.000,1,128500,기내용 미니캐리어 ZERO 제로 16인치 18인치 오픈형 포켓 캐리어 노트북 국내여행,
d_d003839,커피,0,1,,이마트,,,,,,1,4000,커피,5011012200
d_d001182,카멜리아힐 입장권,1,3,,CAMELLIA HILL JEJU,제주특별자치도 서귀포시 안덕면 병악로 166,제주특별자치도 서귀포시 안덕면 상창리 271,3350095,5013031024,2022-01-19 00:00:00.000,1,21000,입장권,
b_b007899,식품,0,4,,오렌지마트,,,,,,1,50000,도시락 거리 (유부초밥.돈가스.계란말이.소떡소떡.과일 등),4131010400
a_a003558,등산화,1,1,,(주)신세계,,,,,2022-09-27 21:08:00.000,1,64682,"컬럼비아(COLUMBIA)남,여 레드몬드3미드WP방수등산화B",
c_c002006,디올 화장품,0,1,,신세계백화점 광주점,,,,,,1,149000,디올 화장품,2914011500
b_b015453,햄버거,1,4,2670601263,롯데리아,경북 구미시 고아읍 들성로 211,경북 구미시 고아읍 문성리 1125,3308013,4719025332,2022-10-28 11:39:00.000,1,9500,데리세트★버터;치킨버거셋★버터,
d_d002284,등산용품 대여,0,3,,오쉐어,,,,,,5,56000,등산용품 대여,5011010900
d_d009263,파우치,0,1,,0,,,,,,1,13900,파우치,1141011800
d_d000072,잡화,0,5,2138152063,주식회사 아성다이소,,,,,,1,30000,잡화류,3017011200
c_c000869,선상크루즈 입장권,1,2,5248601528,네이버파이낸셜 주식회사,경기 성남시 분당구 정자일로 95,경기 성남시 분당구 정자동 178-4,3180021,4113510300,2022-08-07 00:00:00.000,3,76000,여수 미남 크루즈 선상불꽃투어 (70분),
d_d002333,제주투어패스,1,1,2208742885,(주)야놀자,서울 강남구 테헤란로108길 42,서울 강남구 대치동 1003,4166713,1168010600,2022-10-06 16:35:00.000,1,16900,"[제주]특가 48시간 프리패스 제주 이용권A-1,제주 48시간 프리패스 입장권",
a_a001537,식품,1,15,1697100430,프리미엄정육점,대전 유성구 유성대로 743,대전 유성구 장대동 269-9,2167001,3020011700,2022-08-26 10:20:00.000,1,123700,이베리코황제살;양갈비;양갈비;양갈비;이베리코황제살;이베리코황제살;정육,
d_d001285,9.81파크 레저,0,1,,9.81파크 제주,제주 제주시 애월읍 천덕로 880-24,,,,,1,39500,9.81파크 레저,5011025336
a_a000559,식품,0,4,,이마트 김포트레이더스,,,,,,1,109770,저녁으로 먹을 고기와 아침으로 먹을 샐러드,4157010700
d_d004284,식음료,1,3,6168534850,(주)뉴월드 마트로 탑동점,제주특별자치도 제주시 중앙로 13,제주특별자치도 제주시 건입동 1441,3349184,5011010700,2022-10-25 18:34:00.000,1,189430,부식;수산류;육류;주류;음료;스낵;야채;잡화,
d_d001827,캐리어,0,2,,CJ온스타일,,,,,,1,290010,캐리어,1165010600
d_d000041,식료품,0,8,,이마트트레이더스,,,,,,1,228640,식료품,2647010200
a_a012086,홍가리비 2kg,0,2,,두결수산,,,,,,1,10400,홍가리비 2kg,4822011300
d_d003291,보온병,0,2,2138152063,주식회사 아성다이소,,,,,,1,5000,보온병,1162010200
b_b003052,고기 떡,1,2,8868100188,주식회사대웅식품,부산 남구 우암로 359,부산 남구 문현동 828-1,3131026,2629010900,2022-08-17 13:19:00.000,1,50990,부식;정육,
b_b000650,입장권,1,5,2118841856,주식회사티몬,,,,,2022-07-20 00:00:00.000,1,22500,[남해]원예예술촌 입장권,
d_d010336,식품;잡화,0,1,,세븐일레븐 울산공항점,,,,,,1,2850,물티슈;물,3120012500
d_d004333,카페라떼,1,1,2018121515,주식회사 스타벅스 커피 코리아,제주특별자치도 서귀포시 일주서로 11,,3349236,5013011600,2022-10-09 08:25:00.000,3,5100,I-G)카페라떼,
a_a001537,식품;잡화,4,15,,,,,,,,1,130920,부식;잡화;과일;음료;스낵;야채,
d_d002443,식품,1,4,4229700326,바른고기,경남 창원시 성산구 동산로 122,경남 창원시 성산구 상남동 45-1,3328009,4812312700,2022-09-30 15:05:00.000,1,50000,한우불고기,
c_c002517,식품,0,2,,삼덕식자재마트,,,,,,3,100000,소고기;과일;맥주,4117110100
d_d010177,짐캐리 서비스,2,1,,ZIM CARRY,,,,,2022-11-01 02:09:00.000,1,10000,짐운송 보관,
d_d004873,베스밤,0,2,,신세계타임스퀘어러쉬,,,,,,1,20000,베스밤,1156010500
c_c000002,라면 물 음료수 과자 김치 햇반,1,5,3160396149,딴뚝마트,충남 태안군 안면읍 안면대로 3050,충남 태안군 안면읍 승언리 3035,2264001,4482525321,2022-08-08 15:50:00.000,1,51500,신라면;오뚜기)오곡밥(210*3);크리스탈샘물;롯데)아이시스산림수2L;롯데)칠성사이다제로1.5L;화이트하임;롯데몽쉘(크림);종가집맛김치400G;맥심(R)모카170G;일회용핫컵13온스=영스타;천하장사;참외;계란;PURE)아이스컵;서울우유200ML,
d_d003993,식품,0,1,,이마트,,,,,,1,40000,닭안심살;식빵;쨈;달걀;만두;고기;라면;야채 등,5013010200
d_d012301,주유,1,2,6162325144,편리한주유소,제주특별자치도 제주시 중앙로 487,제주특별자치도 제주시 아라이동 1582-1,3349184,5011011800,2022-11-11 17:47:00.000,1,30000,주유비,
d_d009988,커피,1,2,6082487767,이디야,경남 창원시 마산회원구 마산역광장로 12,경남 창원시 마산회원구 석전동 226-9,3330007,4812710400,2022-10-31 13:35:00.000,1,6400,ICED 아메리카노;ICED 프레시 그린티,
d_d005204,보조배터리,2,1,5042224864,JK모바일,대구 남구 앞산순환로 545,대구 남구 대명동 474-66,3007012,2720010300,2022-10-13 18:51:00.000,1,8330,엑티몬 아이폰 미니 보조배터리 8핀 5000MAH 일체형,
d_d003854,맥주,1,1,6162274202,대정월마트,제주특별자치도 서귀포시 대정읍 상모로 321-1,제주특별자치도 서귀포시 대정읍 하모리 821-2,3350122,5013025022,2022-10-12 11:13:00.000,1,21580,테라맥주(중캔)500ml*6;OB필굿캔(355ml*6)박스;다이제번들,
b_b003100,식품,0,3,,인천 스퀘어원 홈플러스,,,,,,1,150000,소고기;오징어;빵;과자;술,2818510500
d_d001473,잡화,0,2,,브라이튼캐리어;임산부 수영복,,,,,,1,86710,캐리어;수영복,4141010500
d_d010167,베낭,1,1,1048126067,롯데쇼핑㈜,서울 중구 남대문로 81,서울 중구 소공동 1,3101001,1114011100,2022-09-25 15:12:00.000,1,187710,,
d_d000268,잡화,0,1,,쿠팡,,,,,,1,52000,어린이수영복;선크림,1111010100
d_d001875,니트조끼 여성용,0,1,,스파오 덕천뉴코아점,,,,,,1,29000,니트조끼 여성용,2632010400
d_d002954,식품,0,4,,이마트,,,,,,4,131930,고기;아이들 우유,5011012200
d_d002360,크롭티,0,1,,TROUBADOUR 이태원,,,,,,1,19000,크롭티,1117013000
b_b002109,식품,0,6,,롯데마트 통영점,,,,,,1,201980,고기 햇반 야채 바질페스토 과자 등,4822011100
d_d010389,백팩,1,1,,AK 몰,,,,,2022-10-25 00:00:00.000,1,76920,칼하트 캔버스 백팩 남여공용 블랙 브라운,
d_d000330,잡화,0,4,,김해 롯데프리미엄아울렛,,,,,,1,136000,화물용 캐리어 1개,4825012700
d_d000534,귤체험 사전예약,1,2,5604700429,귤사랑(농산물),제주특별자치도 서귀포시 중앙로42번길 36,제주특별자치도 서귀포시 서귀동 273-2,4850823,5013010100,2022-08-15 22:31:00.000,1,32470,[제주도]청귤체험 청귤청담기 풋귤체험농장,
d_d001846,머리띠,1,1,1048634150,주식회사엔캣,서울 마포구 양화로 188,서울 마포구 동교동 190-1,3113014,1144012100,2022-10-22 17:04:00.000,1,8900,못된 고양이 악세사리,
d_d000676,식품,1,4,7668502202,CU,인천 부평구 부평문화로 217,인천 부평구 부개동 120-219,3154027,2823710700,2022-09-03 18:52:00.000,1,4700,사리곰탕큰사발컵;오뚜기)열라면컵,
d_d006140,제주투어패스,0,4,,(주)엘에스컴퍼니,,,,,,1,114590,제주투어패스 72시간 이용권,5011012900
d_d009159,음식,1,3,7408501119,주식회사대목디앤에이,제주특별자치도 제주시 아란서길 110,제주특별자치도 제주시 아라일동 2082-1,4848208,5011011700,2022-10-29 18:36:00.000,1,139800,잡화;주류;음료;부식;정육;야채;스낵,
d_d003259,숙박,0,2,,호텔 케니,,,,,,5,35000,숙박,5013010100
d_d001535,수영복,0,1,,쿠팡 배송 주문,,,,,,5,23800,수영복,1144010200
d_d004905,등산화,0,1,,마운티아,,,,,,1,99000,등산화,4119010900
d_d002895,관광지 자유이용권,1,3,2208742885,(주)야놀자,서울 강남구 테헤란로108길 42,서울 강남구 대치동 1003,4166713,1168010600,2022-10-08 02:11:00.000,1,16900,[제주]특가 48시간 프리패스 제주 자유 이용권,
d_d000101,등산스틱2세트,1,2,,네이처하이크,,,,,2022-03-25 10:33:00.000,1,77873,네이처하이크 트레킹 폴 등산스틱 지팡이,
d_d006146,식품,0,4,,뉴월드마트로동홍점,,,,,,1,8590,음료 및 간식,5013010500
d_d000181,입장권,2,14,,티몬,,,,,2022-08-17 00:00:00.000,1,55200,"[썸머브레이크]제주 수목원테마파크 4종+제주가볼만한곳,365일 시원함과 청량함",
d_d002766,비행기표,1,2,1218189086,주식회사 진에어,서울 강서구 공항대로 453,서울 강서구 등촌동 653-25,2005007,1150010200,2022-09-17 00:00:00.000,1,125000,비행기표,
d_d001514,식품,0,1,,옛날호두과자,,,,,,3,10000,호두과자,4413111800
c_c001984,유람선승선권,1,4,4018117440,(유)군산유람선관광사,전북 군산시 옥도면 선유북길 37,전북 군산시 옥도면 선유도리 471,4604573,4513039024,2022-09-17 22:57:00.000,1,50000,군산선유도유람선비,
d_d003094,등산화,1,1,,주식회사 베스트원,,,,,2022-10-20 21:07:00.000,1,149000,,
d_d002756,비행기표,2,2,1108114794,(주)대한항공,서울 강서구 하늘길 260,서울 강서구 공항동 1370,4145490,1150010800,2022-10-02 00:00:00.000,1,109880,비행기표,
d_d002198,한라산 등반간식,1,2,7840802169,CU,제주특별자치도 제주시 사라봉길 10,제주특별자치도 제주시 건입동 709,4847794,5011010700,2022-10-09 20:12:00.000,1,30600,미네랄워터P1L;HEYROO미네랄워터P500ML;맛밤80G;티오피)더블랙275ML;티오피)스위트아메275ML;농심)신라면소컵;너구리소컵;동의훈제란3입;키세스 아몬드 52G;건망고 80G;친친오리지널봉70G,
d_d000867,가족 단체티,1,7,5248601528,네이버파이낸셜 주식회사,경기 성남시 분당구 정자일로 95,경기 성남시 분당구 정자동 178-4,3180021,4113510300,2022-08-17 00:00:00.000,1,87000,가족캐릭터 티셔츠 제작 할아버지 할머니 엄마 아빠 딸 아들 이모 사위 며느리 삼촌 외 7건,
d_d000964,옷,0,1,,59000,,,,,,3,59000,옷,1156010100
d_d004496,기념촬영용 마카,1,2,5187300179,알파,제주특별자치도 제주시 남광로 17-1,제주특별자치도 제주시 이도이동 1084-11,3349035,5011010400,2022-10-14 14:35:00.000,1,8000,문화/블랙보드마카세트/5색/흰색.분홍.노랑.연두.하늘/세트,
d_d001280,숙박비,0,2,,솔펜션,제주 제주시 구좌읍 해맞이해안로 2478 제주솔펜션,,,,,1,87802,,5011025632
c_c005490,티몬 [전북투어패스] 통합이용권,0,3,,티몬,,,,,,5,17900,티몬 [전북투어패스] 통합이용권,1114015000
d_d008965,잡화,2,3,1208800767,쿠팡㈜,서울 강남구 테헤란로 501,,3122010,1168010500,2022-10-29 00:00:00.000,1,22720,"엠케이 여아용 서프 레쉬가드 세트, 100, 레몬",
d_d006999,커피,1,1,2018121515,주식회사 스타벅스 커피 코리아,제주특별자치도 서귀포시 대정읍 에듀시티로 36,제주특별자치도 서귀포시 대정읍 보성리 2372,3350504,5013025029,2022-10-29 13:21:00.000,3,8000,V)돌체콜드브루ㄴ리유저블컵22oz,
d_d005514,식품,5,1,6075783918,한라통닭,제주특별자치도 서귀포시 중정로73번길 13,제주특별자치도 서귀포시 서귀동 275-37,4850838,5013010100,2022-10-21 19:48:00.000,1,7000,올레시장,
b_b004736,승차권 예매,1,1,,BUSTAGO,,,,,2022-09-23 00:00:00.000,1,8900,승차권,
d_d005290,식품,0,1,,GS25,,,,,,3,19800,맥주;과자,5011012300
d_d001115,렌트카,1,3,,제주현대렌트카,제주특별자치도 제주시 어영길 30,제주특별자치도 제주시 용담삼동 1181-5,4848235,5011011000,2022-08-25 00:00:00.000,1,227629,티몬 실시간 렌트카(제주현대렌트카),
d_d003044,잡화,0,1,,nsr 대전문지점,,,,,,1,336600,라이딩 복장 팬츠;바람막이 자켓,3020014000
b_b014141,고성 공룡엑스포 입장권(사전에 당근으로 구매;어른2장;아이 무료),0,2,,고성 공룡엑스포,,,,,,3,20000,고성 공룡엑스포 입장권(사전에 당근으로 구매;어른2장;아이 무료),4882040000
b_b005014,주유,0,3,,GS칼텍스 다사왕선주유소,,,,,,1,55000,주유,2771025600
d_d004772,필름카메라,1,1,5118124501,주식회사그린로그,서울 중구 퇴계로53길 6-17,서울 중구 쌍림동 22-16,4103360,1114014700,2022-10-08 17:33:00.000,1,40000,포토콜라 카메라(화이트);AAA(2EA),
d_d001103,여행용 가방,1,1,,퀼팩,,,,,2022-08-29 00:00:00.000,1,35500,신발수납 트래블 보스턴백 QB08더플백/여행/운동/헬스,
d_d010348,잡화,0,1,2138152063,주식회사 아성다이소,,,,,,1,10000,여행용품 (휴대용 세면도구),1171010600
d_d002225,캐리어,0,1,,헤이즈코리아 유한회사,,,,,,1,89000,캐리어,1171010200
d_d004738,제주패스,0,4,,야놀자,,,,,,1,78400,제주패스,1168010600
d_d000158,여행용 물품 및 간식,2,4,2138152063,주식회사 아성다이소,광주 광산구 장신로 39,,3163047,2920012300,2022-08-11 19:50:00.000,1,9000,휴대용구강청결제(11ml;리빙여행용티슈80매X3팩;휴대용물티슈10매(3팩);리뉴후레쉬여행용세트(120;김서림방지안경닦이;입속미인마일드시트러스민트,
d_d003575,식품,0,2,,크로와상 제주빵집,,,,,,1,20100,빵(소세지빵 에그타르트2개 소금빵 빠에트쇼콜라 카야크림뻥),5011013000
d_d004713,음료,1,6,3292101531,메가엠지씨커피제주동광육거리점,제주특별자치도 서귀포시 안덕면 한창로 599,제주특별자치도 서귀포시 안덕면 동광리 826-2,3349241,5013031028,2022-10-08 10:26:00.000,1,10300,(포장)(ICE)오레오초코라떼;(포장)(ICE)바닐라라떼;(포장)(ICE)메가리카노,
d_d010069,먹거리,1,2,2068650913,(주)이마트,제주특별자치도 제주시 탑동로 38,,3349197,5011010600,2022-10-29 14:06:00.000,1,124170,음료;부식;정육;과일;주류,
c_c004645,식사비,1,3,3110752182,할머니곱창집,,,,,2022-10-02 15:43:00.000,1,20000,,
d_d004753,보조배터리,1,1,6168263183,서귀포오름지역자활센터,제주특별자치도 서귀포시 성산읍 고성오조로 49,제주특별자치도 서귀포시 성산읍 고성리 322-4,3350018,5013025924,2022-10-30 11:58:00.000,1,21800,,
b_b004030,식품,0,1,,인터넷쇼핑 및 자가 저장분,,,,,,1,9000,순두부찌개 재료. 햇반. 냉동 짬뽕밥,2623010400
d_d003907,스누피가든 입장권,0,4,,스누피가든,,,,,,1,60180,스누피가든 입장권,5011025625
d_d002278,물,0,2,,이마트에브리데이 분당정자점,,,,,,1,2000,물,4113510300
d_d000181,관람권,5,14,,,,,,,2022-08-18 00:00:00.000,1,153480,[제주]더마파크 공연더마파크 공연 성인,
d_d002027,잡화,0,2,,유니클로,,,,,,1,80000,편한바지;경량패딩,4145010600
b_b000313,식품,2,1,6078529843,롯데마트동래점,부산 동래구 중앙대로 1393,부산 동래구 온천동 502-3,2000010,2626010800,2022-08-09 19:51:00.000,1,7000,미트로 일회용 숯불구이,
d_d005249,등산스틱,0,1,,중고물품샵,,,,,,5,20000,등산스틱,5011012200
a_a000887,장보기,1,7,2068650913,(주)이마트,경기 안산시 단원구 원포공원1로 46,,3191064,4127310700,2022-08-25 19:40:00.000,1,170530,56코끼리대여장바구니;김치어묵 우동전골;무항더느림+삽겹살;더느림+두툼칼집삼겹;(대)국내산돈목심구이;(대)국내산돈목심구이;모둠쌈;대림 콤비네이션385G;오뚜기 맛있는 밥 10;안주야 오븐에 초벌한;안주야 모듬불막창;CJ해찬들사계절쌈장17;오뚜기생와사비43G;CJ허브솔트50G순한;참이슬 후레쉬360ML*6;삼양 로제불닭볶음면;오뚜기 진라면 매운맛;코카+스프라이트기획;삼립_BIG불닭피자4입,
d_d011460,짐옮김이 서비스,0,1,,제주도 짐옮김이 가방을부탁해,,,,,,5,20000,짐옮김이 서비스 예약,5013011200
d_d012358,식사비,0,1,,한가네식당,,,,,,1,9000,식대,5013031000
d_d006245,주차비,5,1,7325400610,주상절리주차장,,,,,2022-10-21 15:33:00.000,1,1000,주차비,
d_d004693,식산,0,2,,땡초김밥싱싱왕만두,,,,,,1,14000,식산,5011011700
d_d012413,커피,1,2,2052780756,메가커피,제주특별자치도 제주시 중앙로 564,제주특별자치도 제주시 아라일동 6091-2,3349184,5011011700,2022-11-12 13:12:00.000,1,4900,[포장](ICE)아메리카노;[포장](ICE)카페라떼,
a_a000671,식품,0,6,,농수산물시장,,,,,,1,90000,가리비;새우;소고기,4117310300
d_d004829,에너지바 3개,0,1,2138152063,주식회사 아성다이소,,,,,,1,3000,에너지바 3개,1150010200
d_d000182,비행기티켓,1,4,,(주)제주항공,제주특별자치도 제주시 신대로 64,제주특별자치도 제주시 연동 301-1,3349111,5011013700,2022-07-01 08:42:00.000,1,345800,항공권,
a_a001537,식품,2,15,5484600567,프리미엄정육점,대전 유성구 유성대로 741,대전 유성구 장대동 269-10,2167001,3020011700,2022-08-26 00:00:00.000,1,31100,돼지원삼겹살;돼지생목살;파채무침소스,
d_d009826,옷,1,1,3058600893,케이알유통주식회사(패션아일랜드),대전 동구 은어송로 72,대전 동구 가오동 557,3010015,3011010500,2022-10-22 14:26:00.000,1,406700,,
d_d000408,항공권,1,1,,티웨이항공,,,,,2022-09-13 00:00:00.000,1,66200,항공권,
d_d004284,식음료,3,3,8961500517,다모아,제주특별자치도 제주시 동화로 12,제주특별자치도 제주시 화북일동 1221-13,3349059,5011011100,2022-10-26 10:55:00.000,1,34000,,
d_d003330,식품,0,2,,무근성슈퍼,제주시 무근성길 19,,,,,1,4500,아이스쿨 아이스크림 2개;보성홍차 아이스티 1개,5011010600
d_d002756,비행기표,1,2,6168150527,(주)제주항공,제주특별자치도 제주시 신대로 64,제주특별자치도 제주시 연동 301-1,3349111,5011013700,2022-10-04 00:00:00.000,1,124240,비행기표,
d_d010862,잡화,3,2,1308192493,(주)프리즘,인천 부평구 평천로 221,인천 부평구 청천동 423-3,3000067,2823710400,2022-10-28 05:46:00.000,3,136296,크레모아 아테나 기프트백 LED 캠핑랜턴 감성램프,
d_d000878,식품,2,4,6158531317,롯데마트,경남 김해시 김해대로 2330,경남 김해시 부원동 1041,2335001,4825010300,2022-08-27 20:09:00.000,1,58370,음료;야채;부식;육류;,
d_d006908,도예체험,1,1,,제주영도예공방,제주특별자치도 서귀포시 서호중앙로 55,제주특별자치도 서귀포시 서호동 1605,3350366,5013010300,2022-10-21 16:41:00.000,1,80000,제주영 도예공방,
c_c000085,빵,0,4,,뚜레주르,,,,,,1,7750,빵,1138010700
d_d004589,핫앤쿡 전투비상식량 4개,1,2,5248601528,네이버파이낸셜 주식회사,경기 성남시 분당구 정자일로 95,경기 성남시 분당구 정자동 178-4,3180021,4113510300,2022-09-27 00:00:00.000,1,17980,핫앤쿡 전투식량 비상식량 비화식 발열도시락 라면애밥 외 2건,
d_d009122,식품,0,4,,조끄뜨레 연동지점,,,,,,3,46350,멸균우유;컵라면;맥주;일회용포크;물티슈,5011013700
a_a000639,식품,1,4,2208160348,홈플러스(주),서울 성북구 길음로13길 22,서울 성북구 길음동 1285,4121001,1129013400,2022-08-26 12:46:00.000,1,127850,해대_구운감자_27G;올리브유쥐포채_150G;다다기오이_3입봉;동원살코기참치 250G;다진마늘150G(팩);치즈크리스피핫도그;황태채_300G(봉);파스퇴그_에이요요구;풀무원안심콩나물;볶음용멸치_350G;오감자그라탕115G;의성마늘비엔나;말랑말랑밀누들떡볶이;알로팜1등급하얀계란;돼지항정살_400G(캐나;팽이버섯_4입봉;하이네켄캔710ML,
d_d009367,제주마음샌드 10개입 박스,0,3,,파리바게트 제주공항렌트카하우스점,,,,,,1,126000,제주마음샌드 10개입 박스,5011010900
d_d001642,물2병,0,2,,CU편의점,,,,,,1,1800,물2병,2826012200
d_d000169,아쿠아슈즈,1,1,2398701592,누식회사얼리,,,,,2022-08-04 14:28:00.000,1,0,MFT멀티핏 아쿠아슈즈,
d_d002327,케리어,1,1,2128134970,주식회사엠에이치코퍼레이션,경기 남양주시 진접읍 진벌로51번길 53,,4391697,4136025326,2022-09-26 10:46:00.000,1,59800,프리마인드 뉴폴리안 여행용 캐리어 20인치 24인치 28인치 확장형 PC,
a_a002172,식품,0,4,,농협축산,,,,,,1,60000,고기와 상추,1141011100
b_b006874,김밥,2,1,4532000124,몽디깁밥,경남 사천시 사천읍 진삼로 1391,경남 사천시 사천읍 사주리 18-10,3334046,4824025025,2022-10-08 08:06:00.000,1,7500,치즈김밥;톳김밥,
d_d001586,식품,1,5,6168223143,하귀농협하나로마트,제주특별자치도 제주시 애월읍 일주서로 7136,,3349236,5011025340,2022-09-30 10:45:00.000,1,160520,스낵;주류;음료;해산물;야채;과일;부식,
d_d000219,항공권,2,1,,플라이강원,,,,,2022-07-29 09:52:00.000,1,52800,비행기표,
d_d005315,식품,4,3,6168214440,한림농협하나로클럽,제주특별자치도 제주시 한림읍 한림상로 101,제주특별자치도 제주시 한림읍 한림리 1560,3349209,5011025024,2022-10-19 16:28:00.000,1,14700,식품행사(옛날과자);아라비카100커피믹스240G(12G*20T);어묵200G;풀무원김밥김20G;단감,
d_d004431,식품,2,3,,제주고산농업협동조합,제주특별자치도 제주시 한경면 용고로 81,,3349149,5011031023,2022-10-13 17:33:00.000,1,14400,,
d_d004997,비행기표,0,2,,티웨이항공 비행기좌석,대구 동구 공항로 221,,,,,1,20000,비행기 좌석구매,2714010800
d_d005296,식사비,0,1,,짱구분식,,,,,,5,12000,모닥치기(여행시작 전 점심),5013010100
d_d006761,스노쿨링세트,1,2,,한국정보통신-쿠팡,서울 중구 세종대로 39,,2005001,1114011700,2022-10-20 00:00:00.000,1,32300,,
a_a004257,양갈비,1,3,,다온미트,,,,,2022-09-28 00:00:00.000,1,40600,램숄더랙프렌치렉호주산5,
d_d000415,체험이용권,0,1,,프립,,,,,,1,93000,요가;할머니의 차방,5013010100
d_d001160,선물용 초콜릿기념품,1,5,,한일농수산,,,,,2022-09-26 16:09:00.000,1,104000,제주감귤타르트;제주초콜릿종합세트,
d_d010391,이용권;입장권,0,3,,아이스핏,제주 서귀포시 대정읍 글로벌에듀로 234,,,,,1,43000,이용권;입장권,5013025030
b_b001806,폰방수팩;스노클링장비,0,2,2138152063,주식회사 아성다이소,,,,,,1,13000,폰방수팩;스노클링장비,4822010400
d_d010399,잡화,0,1,,ABC마트 천안신부점,충남 천안시 동남구 만남로 26,,,,,3,75000,신발,4413111800
c_c007579,식품,1,2,5059444502,최고다푸줏간(군포산본점),경기 군포시 광정로 80,경기 군포시 산본동 1123-5,3200003,4141010400,2022-10-15 19:36:00.000,1,13900,삼겹살;목살,
a_a003912,돼지고기,1,1,,홈플러스,,,,,2022-10-08 15:50:00.000,1,30120,육류,
c_c003169,잡화,0,1,,롯데백화점 동탄역,,,,,,3,78000,삼각대;썬크림;슬리퍼,4159012900
a_a003151,식품,0,3,,이마트;CU편의점,경기 부천시 부천로 1 부천역사 쇼핑몰 이마트부천역점,,,,,1,27050,삼겹살;식혜,4119010200
d_d008115,제주투어이용권,1,2,,,,,,,2022-10-23 00:00:00.000,1,40800,[제주]브이패스제주여행-패스자유이용권,
c_c004805,주유비,1,4,6121592909,대광주유소,전남 순천시 별량면 녹색로 558,전남 순천시 별량면 두고리 335-2,3295110,4615039033,2022-10-02 17:35:00.000,1,30000,무연휘발유,
b_b014337,과자,0,1,,이마트,,,,,,3,10000,과자,4812312500
d_d008058,지인선물,0,3,,파리크라상 파스쿠찌,,,,,,1,22100,지인선물,1150010800
d_d008042,선물용 빵,1,1,5548801692,(주)시스터필드,제주특별자치도 서귀포시 월드컵로 8,제주특별자치도 서귀포시 강정동 231-2,3350224,5013011600,2022-10-28 10:26:00.000,1,12000,버터플라이,
d_d002910,식품,0,2,,이마트하월곡점,,,,,,1,4600,맛밤;바나나,1129013600
d_d000233,잡화,0,4,,롯데마트,,,,,,1,15000,치약;보조 베테리,4115010300
d_d004179,수영복,1,1,,핏무드,,,,,2022-09-23 00:00:00.000,1,40500,[무료/당일배송]미니미 프린세스 프릴스퀘어넥 크롭 비키니 수영복(S~XL);배송비,
c_c000156,녹테마레 이용권,0,2,,녹테마레,,,,,,1,30000,녹테마레 이용권,4613012500
d_d000112,김치,0,1,,하나로마트,,,,,,1,25000,김치,4615011600
d_d000412,식품;잡화,0,1,,김해공항 CU편의점,부산 강서구 대저2동 2798-1,,,,,1,7600,실바늘키트;음료,2644010200
d_d001403,등산화,0,1,,롯데몰 온라인,,,,,,1,50000,등산화,2711012400
d_d003425,마카롱 커피,1,4,6920401882,디저트39,제주특별자치도 제주시 연신로 85,제주특별자치도 제주시 이도이동 76-3,3349139,5011010400,2022-10-08 11:32:00.000,1,12600,복숭아아이스티ICE;아메리카노ICE;버블흑당밀크티ICE,
d_d012470,햄버거,1,1,6168524352,맥도날드,제주특별자치도 제주시 노연로 7,,3349041,5011012200,2022-11-11 11:07:00.000,1,6300,크리스피 클래식/런치,
d_d004077,보조배터리,1,1,,쿠팡(주),서울 송파구 송파대로 570,서울 송파구 신천동 7-30,2005011,1171010200,2022-10-27 00:00:00.000,1,38700,"쿨린 고속충전 대용량보조배터리3000MAH MS-0340,블랙20W",
a_a004320,식품,0,2,,안양식자재창고,,,,,,3,45000,술 과 음식,4117110100
d_d000255,별빛청하스파클링4병,0,2,,이마트24 부천고강제일점,,,,,,1,11000,별빛청하스파클링4병,4119012100
b_b000786,항공권,2,2,,티웨이항공,,,,,2022-09-02 17:11:00.000,1,83000,항공비,
c_c001169,간식.라면등,1,11,,HOMEPLUS,,,,,2022-08-30 22:22:00.000,1,66830,CJ 진한 참기름 500ML;크라운 콘칩 70G ,
d_d001288,잡화,0,2,,당근중고거래,,,,,,3,20000,구명조끼;물안경,1132010700
d_d002036,잡화,0,2,,디스커버리,,,,,,1,450000,가방;옷;자전거용품,4146510200
b_b004514,식품,0,4,,GS 편의점 영종화성파크드림,,,,,,1,8500,과자 음료,2811014500
d_d004062,체험권,1,4,1912800052,토이박사,제주특별자치도 제주시 서광로 73,제주특별자치도 제주시 용담이동 2756,3349090,5011010900,2022-10-09 11:29:00.000,1,16200,10700프랭크,
a_a003613,마스크팩,1,1,,화해,,,,,2022-09-25 01:09:00.000,3,32310,티트리 진정 수분 마스크팩 30개입 1세트,
c_c000637,배편,1,2,1078204813,한국해운조합,,,,,2022-08-22 00:00:00.000,1,36000,,
d_d001263,소길별하 입장권,1,3,5248601528,네이버파이낸셜 주식회사,경기 성남시 분당구 정자일로 95,경기 성남시 분당구 정자동 178-4,3180021,4113510300,2022-09-01 00:00:00.000,1,24000,소길별하 9월 예약하기 외 2건,
c_c003337,식품,1,2,2068650913,(주)이마트,경남 사천시 삼천포대교로 591,경남 사천시 좌룡동 388-10,3019029,4824010700,2022-10-01 12:27:00.000,1,88770,부식;주류;잡화;야채;정육;스낵,
d_d007377,식품,0,1,,CU제주신하와이점,,,,,,4,4400,몬스터 제로슈거 2개,5011012200
d_d002251,다이빙예약,0,5,,우리동네 잠수하는 형,,,,,,5,650000,다이빙예약,5011025924
b_b001661,경북여행몰 경북e누리,2,3,,경북여행몰,,,,,,1,171500,경북E누리 울릉도 케이블카+모노레일+봉래폭포+해중전망대+관음도+예림원+카페;울릉 렌트카,
c_c000609,낚시대,1,4,5248601528,네이버파이낸셜 주식회사,경기 성남시 분당구 정자일로 95,경기 성남시 분당구 정자동 178-4,3180021,4113510300,2022-05-26 00:00:00.000,1,134750,고등어 메가리 6본 카드채비외 7건,
d_d000878,식품,1,4,2068650913,(주)이마트,경남 김해시 김해대로 2232,경남 김해시 외동 1264,2335001,4825010900,2022-08-27 18:50:00.000,3,140250,의류;스낵;부식;과일;음료;빙과류,
d_d002328,옷,0,2,,롯데몰 군산점,,,,,,1,360000,옷,4513013400
d_d001211,렌트카,0,2,,올레렌트카,,,,,,4,77100,렌트카,5011012600
a_a002583,식품,0,4,,부안집,,,,,,3,30000,고기 등,1144011500
d_d006013,주유비,1,2,6162783351,삼다주유소,제주특별자치도 제주시 일주서로 7873,,3349236,5011013700,2022-10-19 13:40:00.000,1,50000,주유비,
d_d001038,귤,0,2,,명진농수산,,,,,,1,100000,귤,5011010100
a_a000159,식품,0,4,,롯데마트,,,,,,1,146820,고기 생선 과일 캠핑용품,1135010600
d_d000891,웨딩촬영소품,0,1,,남대문시장,,,,,,3,50000,웨딩촬영소품,1114011500
d_d004236,서핑강습비,0,3,,서프포인트제주,,,,,,5,135000,서핑강습비,5013032000
d_d004284,식음료,4,3,5732900800,필마트,제주특별자치도 제주시 동화로 64,제주특별자치도 제주시 화북이동 952,3349059,5011011200,2022-10-26 11:03:00.000,1,9880,각얼음 3kg;[덴마크]생크림S500ml;종량제봉투20L,
d_d002411,등산바지,0,3,,Eider,,,,,,1,89000,등산바지,4111514100
d_d000181,입장권,1,14,,티몬,,,,,2022-08-17 00:00:00.000,1,98000,"[썸머브레이크]제주 수목원테마파크 4종+제주가볼만한곳,365일 시원함과 청량함",
d_d000863,스노쿨링 장비,0,1,,이츠라이프,,,,,,1,17190,스노쿨링 장비,4136011100
a_a002913,잡화,3,7,3981201194,어심선구낚시점,경기 안산시 단원구 대부황금로 1210-9,경기 안산시 단원구 대부북동 1193,3191019,4127311100,2022-10-01 11:45:00.000,1,25000,낚시대,
d_d001748,스쿠버다이빙 예약,0,1,,마코다이브,,,,,,3,270000,스쿠버다이빙 예약,5013010500
d_d001220,옷,0,3,,아키클래식외,,,,,,1,200000,옷,4137010200
d_d003359,잡화,2,1,1381215081,마운티아평촌점,경기 안양시 동안구 흥안대로 457-8,경기 안양시 동안구 평촌동 85-12,2000018,4117310300,2022-10-13 13:41:00.000,1,42730,,
d_d001440,비행기표,3,2,6168150527,(주)제주항공,제주특별자치도 제주시 신대로 64,제주특별자치도 제주시 연동 301-1,3349111,5011013700,2022-09-23 00:03:00.000,1,75600,항공권,
b_b004327,숙박비,2,2,,네이버페이,,,,,2022-08-01 12:44:00.000,1,80000,,
d_d000776,옷,0,1,,에이블리,,,,,,5,153210,옷,1165010800
d_d005065,차량탁송,1,3,6690500667,ABC탁송,경기 용인시 기흥구 보정로 117,경기 용인시 기흥구 보정동 1266-1,3204033,4146311800,2022-10-10 15:36:00.000,3,700000,,
d_d002812,잡화,0,1,,영등포 타임스퀘어,,,,,,1,214000,등산화;등산가방,1156010100
d_d000956,로션,0,1,,lab,,,,,,1,55000,로션,1121510200
d_d001057,우비,0,2,,농협하나로마트 증평송산점,,,,,,1,2300,우비,4374525032
d_d001589,투어패스,0,2,,제주투어패스48시간,,,,,,1,48380,카시트;투어패스,5011010900
d_d002227,보조배터리,2,1,1283896340,영진,경기 고양시 일산동구 은마길185번길 100,경기 고양시 일산동구 설문동 532-1,4379227,4128511100,2022-10-05 00:00:00.000,3,8808,코끼리 보조배터리 10000mAh유무선 흡착 5핀8핀+C타입젠더,
b_b010136,외도-와현 유람선 왕복승선권,0,2,,거제 외도 보타니아 유람선,,,,,,1,28000,외도-와현 유람선 왕복승선권,4831031000
a_a004897,고기,1,9,,이마트,,,,,2022-10-21 19:02:00.000,1,89980,TS숯불데리야끼닭꼬치;도드람돈마호크(등심/,
d_d004635,캠핑박스,2,2,2151591432,다음기술,경기 남양주시 진건읍 독정로273번길 31-30,,4391274,4136025926,2022-09-22 12:22:00.000,1,7300000,,
d_d005200,제주 카페패스,1,1,,제주패스,,,,,2022-10-26 06:11:00.000,1,9700,카페패스 3일 프리미엄,
d_d000572,잡화,1,2,3908701499,주식회사오설록,서울 중구 통일로 92,서울 중구 순화동 1-170,3000008,1114016800,2022-08-31 12:54:00.000,1,60000,,
d_d000392,선박 이용료,2,3,,한국해운조합,,,,,2022-08-23 16:04:00.000,1,87900,승선비,
d_d000404,잡화,0,4,,뉴발란스,대전 유성구 도룡동 엑스포로1,,,,,1,250000,옷;신발;모자,3020012700
d_d000366,여름옷,0,1,,핫핑,,,,,,1,92000,여름옷,2635010400
b_b004557,식품,1,5,4168220959,하나로마트,전남 광양시 광양읍 희양현로 214,전남 광양시 광양읍 용강리 856-1,3285056,4623025030,2022-09-25 10:04:00.000,1,70970,샤인머스켓 국산;광양생막걸리 750ML;우리쌀로빚은쌀막걸리 750ML;서울 흑임자우유 190ML;꿀과배기 90G;2000칙촉 95G;돈육삼겹살;(포크벨리);돈육목살(포크벨리);오이고추;상추,
d_d004366,제주투어패스,0,3,,제주투어패스,,,,,,1,67500,제주투어패스,5013010100
d_d003527,창화당 만두,1,1,,창화당서귀포점,제주특별자치도 서귀포시 신서귀로 43,제주특별자치도 서귀포시 법환동 735-5,3350183,5013010200,2022-10-08 12:36:00.000,3,25000,,
d_d000128,제주투어패스,1,4,,제주투어패스,,,,,2022-08-07 08:12:00.000,1,76500,"[썸머브레이크]제주투어패스 제주여행 프리패스권,48시간/72시간/120시간 이용권",
c_c002171,부식일체,1,8,1299924307,현중앙정육점,경기 성남시 수정구 수정북로19번길 2,경기 성남시 수정구 태평동 3705-37,4334422,4113110200,2022-09-12 16:20:00.000,1,100000,,
d_d012340,캠핑체어,1,1,3046200424,고릴라캠핑(제주점),제주특별자치도 제주시 서천길 24,제주특별자치도 제주시 용담이동 2630-1,4847934,5011010900,2022-11-12 11:10:00.000,1,50700,스위스알파인클럽 제넬;목베개 체어 (베이지),
d_d000812,카메라필름,1,1,,,,,,,,1,35500,,
d_d003359,잡화,3,1,1381215081,마운티아평촌점,경기 안양시 동안구 흥안대로 457-8,경기 안양시 동안구 평촌동 85-12,2000018,4117310300,2022-10-13 13:41:00.000,1,15270,,
d_d004600,마스크팩,0,2,,올리브영 롯데몰 김포공항점,,,,,,1,6000,마스크팩,1150010900
a_a002812,잡화,0,2,2138152063,주식회사 아성다이소,,,,,,2,6000,도시락용품(2000);비닐가방2개(3000);물티슈(1000),1162010200
d_d009921,과자 커피 돼지고기,1,5,2718701581,주식회사코코식자재마트용산점,광주 동구 용산4길 5,광주 동구 용산동 686,4855764,2911012600,2022-10-31 19:35:00.000,1,24520,스낵;음료;정육;부식,
d_d006245,주차비,2,1,6168300278,제주시청,제주특별자치도 제주시 동문로4길 9,제주특별자치도 제주시 일도일동 1103,4847601,5011010100,2022-10-22 16:32:00.000,1,2000,주차비,
d_d004061,옷,1,1,,,,,,,2022-10-10 00:00:00.000,1,65600,의류,
a_a010446,자동차검사,0,2,,한국교통안전공단,,,,,,1,23000,자동차검사,2823710800
d_d001639,옷,2,2,,NAVER FINANCIAL,,,,,2022-09-29 00:00:00.000,1,75700,가을제주도 신혼 여행룩 웨딩촬영 커플 시밀러 룩 노란색 원피스 외 1건,
d_d002895,관광지 자유이용권,3,3,2208742885,(주)야놀자,서울 강남구 테헤란로108길 42,서울 강남구 대치동 1003,4166713,1168010600,2022-10-08 02:09:00.000,1,17955,[제주]특가 48시간 프리패스 제주 자유 이용권,
d_d000631,망원경,0,4,,도미노스토리,,,,,,5,27200,망원경,3020012000
d_d001402,렌트카,0,2,,한국렌트카,,,,,,1,50000,차량 랜트,5011012000
d_d012297,시와스튜디오 예약,3,2,1256500384,시와스튜디오,제주특별자치도 제주시 애월읍 애월해안로 177,제주특별자치도 제주시 애월읍 고내리 1231,3349131,5011025333,2022-11-08 22:06:00.000,1,50000,시와스튜디오,
a_a000761,식품,0,3,,코스트코코리아 양평점,,,,,,3,98000,고기 술 야채,1156012700
c_c000594,아쿠아플라넷입장료2인,1,2,2208742885,(주)야놀자,서울 강남구 테헤란로108길 42,서울 강남구 대치동 1003,4166713,1168010600,2022-08-22 15:59:00.000,3,51800,라이브특가 야놀자해 놀이위크아쿠아플라넷 여수 입장권종합권 930 종합권 대인,
d_d000784,잡화,0,2,,옵티마예닮약국,,,,,,1,12000,멀미약 및 모기기피제,4128710100
d_d001757,제주도 짐보내기 서비스,0,2,,가방은여행중,,,,,,5,32000,제주도 짐보내기 서비스,5011011700
d_d012248,이마트 구매,1,3,2068650913,(주)이마트,제주특별자치도 서귀포시 일주동로 9209,제주특별자치도 서귀포시 법환동 841-2,3349235,5013010200,2022-11-05 15:04:00.000,1,176290,과일;잡화;야채;반찬류;스낵;육류;주류;유제품,
d_d000143,제주패스 3일권,1,2,2068689631,(주)엘에스컴퍼니,제주특별자치도 제주시 청사로 11,제주특별자치도 제주시 도남동 573-2,3349193,5011012900,2022-08-19 16:48:00.000,1,61000,제주투어패스 48시간 프리패스 제주도여행 관광 체험 카트 승마 우도 2박3일,
c_c002988,와인,1,5,1078553993,글래드호텔앤리조트(주),서울 영등포구 의사당대로 16,서울 영등포구 여의도동 17-5,2118002,1156011000,2022-09-22 14:43:00.000,1,98500,와인,
d_d008096,식품,1,4,4852601025,CU제주삼화지구점,제주특별자치도 제주시 화삼로 7,제주특별자치도 제주시 화북일동 1019-4,4849184,5011011100,2022-10-29 12:20:00.000,1,4300,하리보스타믹스;멘토스레인보우;엠엔엠밀크초콜릿 37G,
d_d000181,이용권,4,14,,카트더마파크,,,,,2022-08-18 00:00:00.000,1,127200,카트더마파크 카트,
d_d001678,요가 원데이클래스,0,1,,헤이 서귀포,,,,,,1,35000,요가 원데이클래스,5013010100
d_d000447,잡화,0,1,,쿠팡,,,,,,1,10000,여름샌들,4136025630
d_d011377,가방배달,1,1,,(주)가부,,,,,2022-10-28 15:46:00.000,1,10000,,
a_a001313,주유비,1,2,7531301461,명품주유소,인천 계양구 경명대로 971,인천 계양구 계산동 728-4,2008010,2824510200,2022-09-01 18:48:00.000,3,30000,휘발유,
d_d007016,주유비,1,1,6168100411,삼남석유주식회사,제주특별자치도 서귀포시 일주서로 479,제주특별자치도 서귀포시 하원동 1338-1,3349236,5013011800,2022-10-23 16:26:00.000,1,10000,주유비,
a_a000541,젠가,0,1,2138152063,주식회사 아성다이소,,,,,,1,5000,젠가,4128112300
d_d001374,숙박비,1,1,,아고다,,,,,2022-09-21 00:00:00.000,1,42500,서귀포 성산 비치호텔,
b_b000071,주유비,0,1,,대창주유소,,,,,,1,30000,주유소 휘발류 3만원,3114010600
d_d002004,친척집 선물용 와인,0,2,,코스트코 양재점,,,,,,1,15900,친척집 선물용 와인,1165010200
c_c004333,식품,1,2,2068650913,(주)이마트,광주 서구 죽봉대로 61,광주 서구 화정동 12-13,2009006,2914011900,2022-09-29 19:22:00.000,1,55400,노브랜드갈릭새우칩;노브랜드담백한통감자;팔도 틈새라면 빨계떡;감자칩사워크림;밀키스1.5L;피코크 로제떡볶이600;노브랜드땅콩버터샌드;한와담 곱창전골;베이커리마감코드E;빅모카번4입,
d_d007532,공병,0,1,2138152063,주식회사 아성다이소,,,,,,1,10000,공병,2611013900
d_d000407,입장권,4,4,1018190575,(주)현대이지웰,서울 서대문구 충정로 23,서울 서대문구 충정로3가 470,3112011,1141010200,2022-08-07 00:00:00.000,3,48000,[제주]뽀로로&타요테마파크;종합이용권 대인,
b_b014639,물,0,1,,서울역 매점,,,,,,3,800,물,1117010700
d_d003030,제주패스투어 쿠폰,0,2,,제주투어패스,,,,,,1,38090,제주패스투어 쿠폰,5013011200
d_d003876,식품;잡화,1,4,6168214630,중문농업협동조합,제주특별자치도 서귀포시 천제연로 242,,3350258,5013011200,2022-10-04 21:01:00.000,1,46230,음료;부식;잡화;스낵;음;과일;문구,
d_d005398,음식 주류,2,3,2068650913,(주)이마트,제주특별자치도 제주시 1100로 3348,제주특별자치도 제주시 노형동 919,3020003,5011012200,2022-10-28 21:46:00.000,1,29810,피코크 루이보스 오렌지;노브랜드군밤100g*4입;노브랜드칠리새우400g;촉촉한버터구이오징어,
d_d000181,이용권,3,14,6168158908,라온랜드주식회사,제주특별자치도 제주시 한림읍 월림7길 155,제주특별자치도 제주시 한림읍 월림리 산 7,4848543,5011025034,2022-08-21 00:00:00.000,1,16000,카트더마파크 카트,
d_d003547,식품,0,4,,굿모닝마트,,,,,,1,12000,유부초밥도시락재료 및 간식,5011031000
d_d000766,옷,0,1,,홀라인,,,,,,2,85000,옷,1144012200
c_c002943,안약,0,2,,용강약국,전남 광양시 광양읍 와룡길 9-4,,,,,3,10000,안약,4623025000
d_d004635,캠핑박스,1,2,,다음기술,,,,,2022-10-21 16:17:00.000,1,5870000,,
b_b006953,잡화,2,2,3011689520,실크로드,충북 청주시 흥덕구 2순환로 1233,충북 청주시 흥덕구 가경동 1416-3,3014065,4311311300,2022-11-04 12:00:00.000,1,41500,양말;모자,
c_c001813,김밥,1,4,4051062495,고봉민김밥,충남 천안시 서북구 불당26로 77,충남 천안시 서북구 불당동 1548,3351005,4413310800,2022-09-02 17:55:00.000,1,15300,,
d_d000323,제주투어패스,0,5,,0,,,,,,1,91500,제주투어패스,5013031000
d_d007819,점심,1,4,4140652320,홍익돈까스,제주특별자치도 제주시 1100로 3136,제주특별자치도 제주시 노형동 562-2,3020003,5011012200,2022-10-29 14:30:00.000,1,45900,치즈롤세트;불고기볶음밥;알리오올리오;볶음짬뽕,
d_d001037,부대찌개 밀키트,1,2,5248601528,네이버파이낸셜 주식회사,경기 성남시 분당구 정자일로 95,경기 성남시 분당구 정자동 178-4,3180021,4113510300,2022-08-24 00:00:00.000,1,17700,원앤모어마켓 의정부찌 부대찌개 캠핑 가정 간편식 외 1건,
d_d004783,마음샌드,1,1,,파리크라상,,,,,,1,7100,제주마음샌드(10개입),
d_d008122,가리비 새우,1,2,2068650913,(주)이마트,제주특별자치도 제주시 1100로 3348,제주특별자치도 제주시 노형동 919,3020003,5011012200,2022-10-25 21:26:00.000,1,46890,처음처럼 새로소주16;노브랜드 중력밀가루;검은콩우유900ML;노브랜드 데일리레몬;종이용기32CM*10;오뚜기라면사리110G;질레트스킨텍젤195G;노브랜드 버터스프레;남해안가리비(1.3KG),
d_d000795,잡화,0,1,2138152063,주식회사 아성다이소,,,,,,1,15000,등산스틱;무릎보호대,1147010100
d_d007809,제주패스,1,4,2068689631,(주)엘에스컴퍼니,제주특별자치도 제주시 청사로 11,제주특별자치도 제주시 도남동 573-2,3349193,5011012900,2022-10-19 22:34:00.000,1,108402,제주투어패스48시간 프리패스 제주도여행관광체험 액티비티 카트 승마우도2박3일,
b_b004278,식품,3,3,6128200380,농협하나로마트,경남 통영시 산양읍 산양일주로 1683-7,,3333014,4822025025,2022-09-24 15:22:00.000,1,11210,주류;잡화;음료,
d_d004842,제주마음샌드,1,2,,파리바게뜨,,,,,2022-10-06 00:00:00.000,3,35530,제주마음샌드(10개입),
d_d001574,잡화,0,4,,쿠팡,,,,,,1,240730,트렁크;트렁크 저울;목베게;선글라스 케이스;접이식 포트,2917013100
d_d005498,주유비,0,2,,Sk행복충전 동천가스충전소,,,,,,1,20000,자가용 가스충전,5013010300
d_d004005,식품,0,3,,한림하나로마트,,,,,,3,10000,라면;주스;과자,5011025000
d_d004144,장작,0,2,,제주장작,,,,,,3,20000,장작,5011025021
d_d007009,양고기,0,4,,홈플러스  분당오리점,,,,,,1,74955,양고기,4113511400
d_d000117,튜브 삼각대,0,2,,쿠팡,,,,,,1,50000,튜브 삼각대,1111010100
d_d000546,티뮤지엄 및 차 시음 티켓,0,1,,오설록티뮤지엄,,,,,,1,20000,티뮤지엄 및 차 시음 티켓,5013031000
d_d010527,항공권 숙박시설 렌트카,0,5,,제주 브라운스위트호텔,,,,,,1,340000,항공권 숙박시설 렌트카,5013025900
d_d001387,제주투어패스 티켓,2,2,,트리플여행(824),,,,,2022-08-12 22:16:00.000,1,12250,[제주투어패스]48시간제주프리패스,
d_d002329,스포츠고글,1,1,6680301878,리좀코퍼레이션,인천 연수구 송도미래로 30,인천 연수구 송도동 214,3152042,2818510600,2022-10-04 11:31:00.000,3,47090,"썬그램 핏 편광 선글라스 변색 스포츠 고글 자전거 낚시 골프 운전(남자,여자)썬그램핏",
d_d001713,캐리어가방,0,1,,쿠팡,,,,,,1,39670,캐리어가방,1171010900
d_d006853,항공권,1,1,1218189086,주식회사 진에어,서울 강서구 공항대로 453,서울 강서구 등촌동 653-25,2005007,1150010200,2022-10-14 00:00:00.000,1,103500,비행기표,
d_d003049,신발,0,4,,나이키,,,,,,3,556000,신발,2611013600
d_d009391,버킷햇,1,1,1098537096,롯데쇼핑(주) 본점(본사),서울 강서구 하늘길 38,,4145490,1150010900,2022-10-30 17:28:00.000,1,68000,타미진 남성청바지,
d_d009485,김밥,1,3,,참맛나,제주특별자치도 제주시 한라대학로 31,제주특별자치도 제주시 노형동 3813-5,4849157,5011012200,2022-10-28 00:00:00.000,1,8500,,
d_d009000,잡화,2,1,2138152063,주식회사 아성다이소,대전 동구 동서대로1695번길 8,대전 동구 용전동 68-20,4292211,3011011500,2022-10-27 15:19:00.000,1,2000,액세서리#20재덕,
a_a000865,식품,1,2,,미스고기,인천 강화군 길상면 해안남로 794,인천 강화군 길상면 선두리 884,3157038,2871033022,2022-09-03 16:00:00.000,1,47000,(TAKEOUT)알뜰2인세트4만7천원,
d_d007747,커플티,0,2,,원더플레이스,인천 연수구 송도국제대로 123 지하1층,,,,,1,180000,커플티,2818510600
d_d010444,핸드폰 차량 거치대,1,1,6528700665,케이엠모터스(주),경기 남양주시 양정로 135,경기 남양주시 이패동 531-13,3197038,4136010500,2022-10-28 00:00:00.000,1,43800,케이엠모터스 충잘 무선충전 거치대,
d_d009717,올티스 다도체험,0,2,,올티스,,,,,,1,40000,올티스 다도체험,5011025930
d_d003840,식품,1,8,6168166499,(주)제스코마트,제주특별자치도 제주시 연북로 444,,3349136,5011012900,2022-10-28 10:19:00.000,1,257370,잡화;정육;부식;음료;야채,
d_d001774,약,1,2,5050786424,청솔약국,경북 경주시 양정로 313,경북 경주시 용강동 1359,3305041,4713012500,2022-09-24 15:03:00.000,1,3800,멀미약,
c_c002534,식품,1,4,4870302491,이웃마트,부산 사하구 승학로 61,부산 사하구 당리동 318-7,3134017,2638010200,2022-09-25 13:14:00.000,1,19580,새콤달콤유부초;티오피275M;햄스빌굿베이컨;1500오징어;동)마일드참치;팔도)일품해물;삼양)불닭볶음,
d_d000309,삼각대,0,1,,김포공항,,,,,,3,10000,삼각대,1150010800
d_d009379,관람권,4,2,5248601528,네이버파이낸셜 주식회사,경기 성남시 분당구 정자일로 95,경기 성남시 분당구 정자동 178-4,3180021,4113510300,2022-10-25 00:00:00.000,1,19000,[쇠소깍 테우&하효맘 11/1 ~ 11/15] 쇠소깍 테우&하효맘 원데이 클래스 (감귤 과즐 만들기),
b_b004835,음료,1,2,3691801015,고품격커피공장,부산 부산진구 중앙대로 681,부산 부산진구 부전동 241-18,2000010,2623010300,2022-09-24 11:16:00.000,1,7500,민트모카_ICED;수박쥬스,
d_d010161,교통비,0,3,,씨월드고속훼리 김해공항,,,,,,1,314800,부산제주 왕복비행기 1명 목포제주 왕복 배 2명,4611014600
d_d000396,보조배터리,0,1,,씨유,,,,,,1,15000,보조배터리,2729011300
a_a009733,식품,0,4,,홈플러스 월드컵점,,,,,,1,146970,고기;과자;술;음료;야채;라면;김치 등,1144012500
b_b001756,식품,0,5,,코스트코 양평점,,,,,,1,150000,돼지고기;소고기 등,1156012700
b_b006000,물,1,4,5158500192,대신기업(주)평사영업소,경북 경산시 진량읍 경부고속도로 105,,1000001,4729025332,2022-10-02 10:13:00.000,1,1400,아이시스ECO 2,
a_a000197,잡화,1,2,,현대백화점면세점 동대문점,서울 중구 장충단로 275,서울 중구 을지로6가 18-12,3101021,1114014800,,1,12073,라운드어라운드 버블바쓰[코튼블라썸]60ML;라운드어라운드 버블바쓰[피치]60ML,
d_d003704,식품,2,4,8308200014,제주시농협하나로마트,제주특별자치도 제주시 월광로 77,제주특별자치도 제주시 노형동 2860,3349167,5011012200,2022-10-21 12:46:00.000,1,167620,"오리온 포카칩 오리지널L 110G;고구마깡 83G;테라(캔) 463ML*8;새콤달콤 대파지/국산;김희란 상추/로컬;샤인머스켓/2KG/국산 상자;선어해어류(고등어);호박고구마/1,5KG/국산;한우양지;돈목살(하나로포크)제주;새우깡 90G;오리온 오땅3번들;바라깻잎/국산;시골떡국육수 330G;다발새송이버섯/봉/국산;백오이/개/국산;델몬트 알로에 400ML펫;코카콜라(캔) 215ML*10;비비고 차돌 된장찌개 460G;파스퇴르 에이요 요구르트 145ML*4;파워에이드마운틴블라스트 600ML;재사용종량제봉투20L;한라산17 360ML;롯데잘빠진하루우엉차 500ML;청정원순창쌈장 200G;청양고추/국산;주부9단뚱딴지프랑크450G",
a_a002916,인천바다기차열차표,1,1,,월미바다열차,인천 중구 월미로 6,,3149043,2811013800,2022-09-21 15:22:00.000,1,8000,모바일 승차권,
a_a000007,식품,0,6,,모노마트,,,,,,1,11290,해물떡볶이;닭갈비;부대찌개;오징어몸통튀김;닭꼬치;나가사끼짬뽕;조각파인애플,1171010600
a_a012100,보조배터리,0,1,,롯데마트 청량리점,,,,,,1,30000,보조배터리,1123010400
c_c000618,식료품,0,2,,롯데마트 남악점,,,,,,1,43550,식료품,4684025622
d_d004359,식품,2,3,2208160348,홈플러스(주),제주특별자치도 서귀포시 중앙로 180,제주특별자치도 서귀포시 동홍동 1558,3350347,5013010500,2022-10-20 10:43:00.000,1,103810,농심 순한 너구리 120G*5입 외 22건,
d_d000091,잡화,0,5,,온라인구매,,,,,,1,100000,수영복(아이.아버지);물놀이장난감;햇반;옷;선크림;썬햇,4159013400
b_b005963,맥도날드모바일교환권,1,3,2118841856,주식회사티몬,서울 강남구 압구정로 118,서울 강남구 신사동 529-4,3122007,1168010700,2022-09-27 00:00:00.000,1,18500,맥도날드 2만원권 특별 할인프로모션,
d_d005632,음료,1,2,6162274202,대정월마트,제주특별자치도 서귀포시 대정읍 상모로 321-1,제주특별자치도 서귀포시 대정읍 하모리 821-2,3350122,5013025022,2022-10-24 17:36:00.000,1,4730,음료;주류,
